"","date","LZ40_AMMONIA-N_mg/L","days"
"1",1978-06-12,NA,12
"2",1978-07-12,0.02,42
"3",1978-08-09,0.02,70
"4",1978-09-06,NA,98
"5",1978-10-11,NA,133
"6",1978-11-07,NA,160
"7",1978-12-06,NA,189
"8",1979-01-11,0.01,225
"9",1979-03-06,0.01,279
"10",1979-04-10,0.02,314
"11",1979-05-09,NA,343
"12",1979-06-05,0.02,370
"13",1979-07-03,NA,398
"14",1979-08-07,0.01,433
"15",1979-09-11,0.01,468
"16",1993-05-11,0.02,5459
"17",1993-05-12,0.03,5460
"18",1993-05-13,0.04,5461
"19",1993-05-14,0.055,5462
"20",1993-05-15,0.025,5463
"21",1993-05-16,0.03,5464
"22",1993-05-17,0.03,5465
"23",1993-05-18,0.04,5466
"24",1993-05-19,0.00428571428571429,5467
"25",1993-05-20,0.0125,5468
"26",1993-05-21,0.015,5469
"27",1993-05-22,0.005,5470
"28",1993-05-23,0.0175,5471
"29",1993-05-24,0.000416666666666667,5472
"30",1993-05-25,0.00916666666666667,5473
"31",1993-05-26,0.00826086956521739,5474
"32",1993-05-27,0.0144444444444444,5475
"33",1993-05-28,0.0141666666666667,5476
"34",1993-05-29,NA,5477
"35",1993-05-30,0.00416666666666667,5478
"36",1993-05-31,0.0233333333333333,5479
"37",1993-06-01,0.0575,5480
"38",1993-06-02,0.03875,5481
"39",1993-06-03,NA,5482
"40",1993-06-04,NA,5483
"41",1993-06-05,NA,5484
"42",1993-06-06,0.005,5485
"43",1993-06-07,0.005,5486
"44",1993-06-08,0.0075,5487
"45",1993-06-09,0.0133333333333333,5488
"46",1993-06-10,NA,5489
"47",1993-06-11,0.02,5490
"48",1993-06-12,0.008,5491
"49",1993-06-13,0.004,5492
"50",1993-06-14,0.009,5493
"51",1993-06-15,0.006,5494
"52",1993-06-16,0.0116666666666667,5495
"53",1993-06-17,0.012,5496
"54",1993-06-18,0.014,5497
"55",1993-06-19,NA,5498
"56",1993-06-20,NA,5499
"57",1993-06-21,NA,5500
"58",1993-06-22,NA,5501
"59",1993-06-23,4.726443845679e-19,5502
"60",1993-06-24,NA,5503
"61",1993-06-25,0.015,5504
"62",1993-06-26,0.035,5505
"63",1993-06-27,0.015,5506
"64",1993-06-28,0.0390909090909091,5507
"65",1993-06-29,NA,5508
"66",1993-06-30,0.046,5509
"67",1993-07-01,NA,5510
"68",1993-07-02,0.012,5511
"69",1993-07-03,0.012,5512
"70",1993-07-04,0,5513
"71",1993-07-05,NA,5514
"72",1993-07-06,NA,5515
"73",1993-07-07,0.00956521739130435,5516
"74",1993-07-08,0.035,5517
"75",1993-07-09,0.0375,5518
"76",1993-07-10,0.025,5519
"77",1993-07-11,0.0325,5520
"78",1993-07-12,0.015,5521
"79",1993-07-13,0.088,5522
"80",1993-07-14,0.106,5523
"81",1993-07-15,0.06,5524
"82",1993-07-16,0.04,5525
"83",1993-07-17,0.046,5526
"84",1993-07-18,0.034,5527
"85",1993-07-19,0.0366666666666667,5528
"86",1993-07-20,0.0453846153846154,5529
"87",1993-07-21,0.0175,5530
"88",1993-07-22,0,5531
"89",1993-07-23,0.01,5532
"90",1993-07-24,NA,5533
"91",1993-07-25,0.01,5534
"92",1993-07-26,0,5535
"93",1993-07-27,0.015,5536
"94",1993-07-28,0.048,5537
"95",1993-07-29,0.2,5538
"96",1993-07-30,0.018,5539
"97",1993-07-31,NA,5540
"98",1993-08-01,NA,5541
"99",1993-08-02,0.0346666666666667,5542
"100",1993-08-03,0.00888888888888889,5543
"101",1993-08-04,0.014,5544
"102",1993-08-05,0.01,5545
"103",1993-08-06,0.0183333333333333,5546
"104",1993-08-07,0.018,5547
"105",1993-08-08,NA,5548
"106",1993-08-09,NA,5549
"107",1993-08-10,0.016,5550
"108",1993-08-11,0.0235,5551
"109",1993-08-12,0.0125,5552
"110",1993-08-13,0.0125,5553
"111",1993-08-14,NA,5554
"112",1993-08-15,NA,5555
"113",1993-08-16,NA,5556
"114",1993-08-17,0.02375,5557
"115",1993-08-18,NA,5558
"116",1993-08-19,0.0075,5559
"117",1993-08-20,0.005,5560
"118",1993-08-21,NA,5561
"119",1993-08-22,0.0075,5562
"120",1993-08-23,NA,5563
"121",1993-08-24,0.0211111111111111,5564
"122",1993-08-25,0.035,5565
"123",1993-08-26,0.04,5566
"124",1993-08-27,0.0675,5567
"125",1993-08-28,0.055,5568
"126",1993-08-29,0.0375,5569
"127",1993-08-30,0.035,5570
"128",1993-08-31,0.0175,5571
"129",1993-09-01,0.0025,5572
"130",1993-09-02,0.014,5573
"131",1993-09-03,0.014,5574
"132",1993-09-04,NA,5575
"133",1993-09-05,0.0125,5576
"134",1993-09-06,0.01,5577
"135",1993-09-07,0.0583333333333333,5578
"136",1993-09-08,0.172,5579
"137",1993-09-09,0.136,5580
"138",1993-09-10,0.214,5581
"139",1993-09-11,0.1,5582
"140",1993-09-12,0.108,5583
"141",1993-09-13,0.08,5584
"142",1993-09-14,0.072,5585
"143",1993-09-15,0.104,5586
"144",1993-09-16,0.068,5587
"145",1993-09-17,0.026,5588
"146",1993-09-18,0.024,5589
"147",1993-09-19,0.044,5590
"148",1993-09-20,0.05,5591
"149",1993-09-21,0.0892592592592593,5592
"150",1993-09-22,0.0266666666666667,5593
"151",1993-09-23,0.048,5594
"152",1993-09-24,0.064,5595
"153",1993-09-25,0.042,5596
"154",1993-09-26,0.046,5597
"155",1993-09-27,0.038,5598
"156",1993-09-28,0.028,5599
"157",1993-09-29,0.034,5600
"158",1993-09-30,0.156,5601
"159",1993-10-01,1.091,5602
"160",1993-10-02,0.085,5603
"161",1993-10-03,0.007,5604
"162",1993-10-04,0.037,5605
"163",1993-10-05,NA,5606
"164",1993-10-06,0.11644,5607
"165",1993-10-07,0.0144,5608
"166",1993-10-08,0.0104,5609
"167",1993-10-09,0.0118,5610
"168",1993-10-10,0.0088,5611
"169",1993-10-11,0.0208571428571429,5612
"170",1993-10-12,0.0027,5613
"171",1993-10-13,0.0125714285714286,5614
"172",1993-10-14,0.018,5615
"173",1993-10-15,0.02125,5616
"174",1993-10-16,0.01125,5617
"175",1993-10-17,0.008,5618
"176",1993-10-18,0.0105,5619
"177",1993-10-19,0.0253846153846154,5620
"178",1993-10-20,0.017,5621
"179",1993-10-21,0.01175,5622
"180",1993-10-22,0.01475,5623
"181",1993-10-23,0.014,5624
"182",1993-10-24,0.01625,5625
"183",1993-10-25,0.019,5626
"184",1993-10-26,NA,5627
"185",1993-10-27,0.0278461538461538,5628
"186",1993-10-28,0.0258,5629
"187",1993-10-29,0.0302,5630
"188",1993-10-30,0.02,5631
"189",1993-10-31,0.4102,5632
"190",1993-11-01,0.1002,5633
"191",1993-11-02,0.1666,5634
"192",1993-11-03,0.0318,5635
"193",1993-11-04,0.0487586206896552,5636
"194",1993-11-05,0.0268,5637
"195",1993-11-06,0.0354,5638
"196",1993-11-07,0.0124,5639
"197",1993-11-08,0.2272,5640
"198",1993-11-09,0.00957142857142857,5641
"199",1993-11-10,0.130272727272727,5642
"200",1993-11-11,0.0265,5643
"201",1993-11-12,0.808333333333333,5644
"202",1993-11-13,0.1355,5645
"203",1993-11-14,0.0181666666666667,5646
"204",1993-11-15,0.0178333333333333,5647
"205",1993-11-16,0.00311764705882353,5648
"206",1993-11-17,0.179166666666667,5649
"207",1993-11-19,0.03675,5651
"208",1993-11-20,0.037,5652
"209",1993-11-21,0.045,5653
"210",1993-11-22,0.159,5654
"211",1993-11-23,0.0733333333333333,5655
"212",1993-11-24,0.193,5656
"213",1993-11-25,0.16625,5657
"214",1993-11-26,0.03,5658
"215",1993-11-27,0.0675,5659
"216",1993-11-28,0.037,5660
"217",1993-11-29,0.04125,5661
"218",1993-11-30,0.02825,5662
"219",1993-12-01,0.03925,5663
"220",1993-12-02,0.0325,5664
"221",1993-12-03,0.02175,5665
"222",1993-12-04,0.02125,5666
"223",1993-12-05,0.01825,5667
"224",1993-12-06,0.018,5668
"225",1993-12-07,NA,5669
"226",1993-12-08,0.0491666666666667,5670
"227",1993-12-14,0.058,5676
"228",1993-12-15,0.0828333333333333,5677
"229",1993-12-16,0.0481666666666667,5678
"230",1993-12-17,0.113833333333333,5679
"231",1993-12-18,0.0305,5680
"232",1993-12-19,0.0085,5681
"233",1993-12-20,0.0116666666666667,5682
"234",1993-12-21,0.0358,5683
"235",1993-12-22,0.0256,5684
"236",1993-12-23,0.0341666666666667,5685
"237",1993-12-24,0.0291666666666667,5686
"238",1993-12-25,0.0745,5687
"239",1993-12-26,0.0631666666666667,5688
"240",1993-12-27,0.0321666666666667,5689
"241",1993-12-28,0.124166666666667,5690
"242",1993-12-29,0.0141666666666667,5691
"243",1993-12-30,0.00916666666666667,5692
"244",1994-01-06,0.00307692307692308,5699
"245",1994-01-07,0.0376470588235294,5700
"246",1994-01-08,NA,5701
"247",1994-01-09,NA,5702
"248",1994-01-10,NA,5703
"249",1994-01-11,NA,5704
"250",1994-01-12,NA,5705
"251",1994-01-13,0.0058125,5706
"252",1994-01-14,0.00385714285714286,5707
"253",1994-01-15,0.0423333333333333,5708
"254",1994-01-16,0.0245,5709
"255",1994-01-17,0.015,5710
"256",1994-01-18,0.021,5711
"257",1994-01-19,0.0208333333333333,5712
"258",1994-01-20,0.0206666666666667,5713
"259",1994-01-21,0.0276666666666667,5714
"260",1994-01-22,0.0111666666666667,5715
"261",1994-01-23,0.0111666666666667,5716
"262",1994-01-24,0.0076,5717
"263",1994-01-25,NA,5718
"264",1994-01-26,0.0167333333333333,5719
"265",1994-01-27,NA,5720
"266",1994-01-28,NA,5721
"267",1994-01-29,NA,5722
"268",1994-01-30,NA,5723
"269",1994-01-31,NA,5724
"270",1994-02-01,NA,5725
"271",1994-02-02,NA,5726
"272",1994-02-03,NA,5727
"273",1994-02-04,NA,5728
"274",1994-02-05,NA,5729
"275",1994-02-06,NA,5730
"276",1994-02-07,NA,5731
"277",1994-02-08,0.0105,5732
"278",1994-02-09,0.00315384615384615,5733
"279",1994-02-10,0.1266,5734
"280",1994-02-11,0.0398,5735
"281",1994-02-12,0.0698,5736
"282",1994-02-13,NA,5737
"283",1994-02-14,0.0164,5738
"284",1994-02-15,0.01,5739
"285",1994-02-16,0.1194,5740
"286",1994-02-17,NA,5741
"287",1994-02-18,0.0052,5742
"288",1994-02-19,NA,5743
"289",1994-02-20,0.0106,5744
"290",1994-02-21,NA,5745
"291",1994-02-22,0.0046,5746
"292",1994-02-23,0.04875,5747
"293",1994-02-24,0.0096,5748
"294",1994-02-25,0,5749
"295",1994-02-26,NA,5750
"296",1994-02-27,NA,5751
"297",1994-02-28,NA,5752
"298",1994-03-01,0.0921111111111111,5753
"299",1994-03-02,0.0404333333333333,5754
"300",1994-03-03,0.1224,5755
"301",1994-03-04,0.0446,5756
"302",1994-03-05,0.0252,5757
"303",1994-03-06,0.0318,5758
"304",1994-03-07,0.0224,5759
"305",1994-03-08,0.0184444444444444,5760
"306",1994-03-09,0.04525,5761
"307",1994-03-10,0.028,5762
"308",1994-03-11,0.0325,5763
"309",1994-03-12,0.02825,5764
"310",1994-03-13,0.034,5765
"311",1994-03-14,0.024,5766
"312",1994-03-15,0.03025,5767
"313",1994-03-16,0.03475,5768
"314",1994-03-17,0.00864285714285714,5769
"315",1994-03-18,0.0414375,5770
"316",1994-03-19,0.0206,5771
"317",1994-03-20,0.0154,5772
"318",1994-03-21,0.012,5773
"319",1994-03-22,0.0235,5774
"320",1994-03-23,0.039,5775
"321",1994-03-24,0.0318,5776
"322",1994-03-25,0.03525,5777
"323",1994-03-26,0.0356,5778
"324",1994-03-27,0.024,5779
"325",1994-03-28,0.0332,5780
"326",1994-03-29,0.044,5781
"327",1994-03-30,0.0555,5782
"328",1994-03-31,0.07225,5783
"329",1994-04-01,0.0458,5784
"330",1994-04-02,0.04725,5785
"331",1994-04-03,0.032,5786
"332",1994-04-04,0.057,5787
"333",1994-04-05,0.0150909090909091,5788
"334",1994-04-06,0.0236,5789
"335",1994-04-07,0.044,5790
"336",1994-04-08,NA,5791
"337",1994-04-09,0.0025,5792
"338",1994-04-10,NA,5793
"339",1994-04-11,0.0156666666666667,5794
"340",1994-04-12,NA,5795
"341",1994-04-13,NA,5796
"342",1994-04-14,NA,5797
"343",1994-04-15,NA,5798
"344",1994-04-16,NA,5799
"345",1994-04-17,NA,5800
"346",1994-04-18,NA,5801
"347",1994-04-19,0.00671428571428571,5802
"348",1994-04-20,0.023,5803
"349",1994-04-21,0.0138333333333333,5804
"350",1994-04-22,0.0191666666666667,5805
"351",1994-04-23,0.0126666666666667,5806
"352",1994-04-24,0.00116666666666667,5807
"353",1994-04-25,NA,5808
"354",1994-04-26,0.00935714285714286,5809
"355",1994-04-27,0.0233333333333333,5810
"356",1994-04-28,0.0223333333333333,5811
"357",1994-04-29,0.0216666666666667,5812
"358",1994-04-30,0.025,5813
"359",1994-05-01,0.0191666666666667,5814
"360",1994-05-02,0.0128333333333333,5815
"361",1994-05-03,0.00871428571428571,5816
"362",1994-05-04,0.0408333333333333,5817
"363",1994-05-05,0.0196666666666667,5818
"364",1994-05-06,0.0236666666666667,5819
"365",1994-05-07,0.0236666666666667,5820
"366",1994-05-08,0.0216666666666667,5821
"367",1994-05-09,0.0195,5822
"368",1994-05-10,0.00816666666666667,5823
"369",1994-05-11,0.00933333333333333,5824
"370",1994-05-12,0.012,5825
"371",1994-05-13,0.0256,5826
"372",1994-05-14,0.0292,5827
"373",1994-05-15,0.0304,5828
"374",1994-05-16,0.0246,5829
"375",1994-05-17,0.00794117647058823,5830
"376",1994-05-18,0.0456666666666667,5831
"377",1994-05-19,0.0336666666666667,5832
"378",1994-05-20,0.0276666666666667,5833
"379",1994-05-21,0.0211666666666667,5834
"380",1994-05-22,0.0205,5835
"381",1994-05-23,0.0153333333333333,5836
"382",1994-05-24,0.001,5837
"383",1994-05-25,0.117666666666667,5838
"384",1994-05-26,0.0153333333333333,5839
"385",1994-05-27,0.0185,5840
"386",1994-05-28,0.0126666666666667,5841
"387",1994-05-29,0.0055,5842
"388",1994-05-30,NA,5843
"389",1994-05-31,NA,5844
"390",1994-06-01,0.0101428571428571,5845
"391",1994-06-02,NA,5846
"392",1994-06-03,NA,5847
"393",1994-06-04,NA,5848
"394",1994-06-05,NA,5849
"395",1994-06-06,NA,5850
"396",1994-06-07,0.0122142857142857,5851
"397",1994-06-08,0.0878,5852
"398",1994-06-09,0.0478,5853
"399",1994-06-10,0.1612,5854
"400",1994-06-11,0.0328,5855
"401",1994-06-12,0.028,5856
"402",1994-06-13,0.0162,5857
"403",1994-06-14,0.043,5858
"404",1994-06-15,0.0503333333333333,5859
"405",1994-06-16,0.0493333333333333,5860
"406",1994-06-17,0.0448333333333333,5861
"407",1994-06-18,0.0323333333333333,5862
"408",1994-06-19,0.0263333333333333,5863
"409",1994-06-20,0.0163333333333333,5864
"410",1994-06-21,0.017,5865
"411",1994-06-22,0.0266666666666667,5866
"412",1994-06-23,0.0336666666666667,5867
"413",1994-06-24,0.019,5868
"414",1994-06-25,0.0155,5869
"415",1994-06-26,0.013,5870
"416",1994-06-27,0.00533333333333333,5871
"417",1994-06-28,0.0236428571428571,5872
"418",1994-06-29,0.0386666666666667,5873
"419",1994-06-30,0.0356666666666667,5874
"420",1994-07-01,0.034,5875
"421",1994-07-02,0.0308333333333333,5876
"422",1994-07-03,0.0411666666666667,5877
"423",1994-07-04,0.022,5878
"424",1994-07-05,0.0220666666666667,5879
"425",1994-07-06,0.0711666666666667,5880
"426",1994-07-07,0.0568333333333333,5881
"427",1994-07-08,0.056,5882
"428",1994-07-09,0.0408333333333333,5883
"429",1994-07-10,0.0353333333333333,5884
"430",1994-07-11,0.0285,5885
"431",1994-07-12,0.034,5886
"432",1994-07-13,0.0208333333333333,5887
"433",1994-07-14,0.0248333333333333,5888
"434",1994-07-15,0.0221666666666667,5889
"435",1994-07-16,0.0195,5890
"436",1994-07-17,0.0176666666666667,5891
"437",1994-07-18,0.008,5892
"438",1994-07-19,0.0217272727272727,5893
"439",1994-07-20,0.1,5894
"440",1994-07-21,0.028,5895
"441",1994-07-22,0.021,5896
"442",1994-07-23,0.0255,5897
"443",1994-07-24,0.0175,5898
"444",1994-07-25,5e-04,5899
"445",1994-07-26,0.0236153846153846,5900
"446",1994-07-27,0.04525,5901
"447",1994-07-28,0.03925,5902
"448",1994-07-29,0.04425,5903
"449",1994-07-30,0.03175,5904
"450",1994-07-31,0.03875,5905
"451",1994-08-01,0.0315,5906
"452",1994-08-02,0.026,5907
"453",1994-08-03,0.0255,5908
"454",1994-08-04,0.02025,5909
"455",1994-08-05,0.01125,5910
"456",1994-08-06,0.02325,5911
"457",1994-08-07,0.01,5912
"458",1994-08-08,8e-04,5913
"459",1994-08-09,0.0497692307692308,5914
"460",1994-08-10,0.057,5915
"461",1994-08-11,0.0408,5916
"462",1994-08-12,0.0418,5917
"463",1994-08-13,0.037,5918
"464",1994-08-14,0.0372,5919
"465",1994-08-15,0.0328,5920
"466",1994-08-16,0.00883333333333333,5921
"467",1994-08-17,0.02675,5922
"468",1994-08-18,0.02675,5923
"469",1994-08-19,0.02225,5924
"470",1994-08-20,0.02025,5925
"471",1994-08-21,0.02075,5926
"472",1994-08-22,0.01,5927
"473",1994-08-23,0.0166,5928
"474",1994-08-24,0.0203333333333333,5929
"475",1994-08-25,0.0191666666666667,5930
"476",1994-08-26,0.024,5931
"477",1994-08-27,0.00733333333333333,5932
"478",1994-08-28,0.0125,5933
"479",1994-08-29,0.0103333333333333,5934
"480",1994-08-30,0.001625,5935
"481",1994-08-31,NA,5936
"482",1994-09-01,0.0136,5937
"483",1994-09-02,0.0052,5938
"484",1994-09-03,NA,5939
"485",1994-09-04,0.0138,5940
"486",1994-09-05,NA,5941
"487",1994-09-06,0.147266666666667,5942
"488",1994-09-07,0.0604,5943
"489",1994-09-08,0.0432,5944
"490",1994-09-09,0.039,5945
"491",1994-09-10,0.0404,5946
"492",1994-09-11,0.0738,5947
"493",1994-09-12,0.0616,5948
"494",1994-09-13,0.0338,5949
"495",1994-09-14,0.0276,5950
"496",1994-09-15,0.0214,5951
"497",1994-09-16,0.0232,5952
"498",1994-09-17,0.0246,5953
"499",1994-09-18,0.0132,5954
"500",1994-09-19,0.0194,5955
"501",1994-09-20,0.0194,5956
"502",1994-09-21,0.0481333333333333,5957
"503",1994-09-22,0.0686666666666667,5958
"504",1994-09-23,0.0496666666666667,5959
"505",1994-09-24,0.0418333333333333,5960
"506",1994-09-25,0.038,5961
"507",1994-09-26,0.0386666666666667,5962
"508",1994-09-27,0.037,5963
"509",1994-09-28,0.0376666666666667,5964
"510",1994-09-29,0.031,5965
"511",1994-09-30,0.0253333333333333,5966
"512",1994-10-01,0.0151666666666667,5967
"513",1994-10-02,0.01525,5968
"514",1994-10-03,NA,5969
"515",1994-11-07,NA,6004
"516",1994-12-06,NA,6033
"517",1994-12-12,NA,6039
"518",1995-01-23,NA,6081
"519",1995-01-26,0.037,6084
"520",1995-02-02,NA,6091
"521",1995-03-07,5e-04,6124
"522",1995-05-01,NA,6179
"523",1995-05-04,NA,6182
"524",1995-06-07,NA,6216
"525",1995-07-17,NA,6256
"526",1995-07-19,NA,6258
"527",1995-09-05,NA,6306
"528",1995-09-18,NA,6319
"529",1995-09-21,NA,6322
"530",1996-11-12,0.018,6740
"531",1996-12-10,0.037,6768
"532",1997-01-06,0.012,6795
"533",1997-02-03,0.012,6823
"534",1997-03-03,0.023,6851
"535",1997-04-08,0.016,6887
"536",1997-04-24,0.016,6903
"537",1997-05-08,0.03,6917
"538",1997-05-20,0.016,6929
"539",1997-06-02,0.025,6942
"540",1997-06-17,0.024,6957
"541",1997-07-15,0.012,6985
"542",1997-08-13,0.037,7014
"543",1997-08-25,0.012,7026
"544",1997-09-09,NA,7041
"545",1997-09-23,NA,7055
"546",1997-10-20,0.029,7082
"547",1997-11-17,0.011,7110
"548",1998-01-12,NA,7166
"549",1998-02-10,0.011,7195
"550",1998-03-16,NA,7229
"551",1998-03-31,NA,7244
"552",1998-04-14,NA,7258
"553",1998-04-28,NA,7272
"554",1998-05-11,NA,7285
"555",1998-05-27,NA,7301
"556",1998-06-09,0.011,7314
"557",1998-06-23,NA,7328
"558",1998-07-07,NA,7342
"559",1998-07-21,NA,7356
"560",1998-08-03,NA,7369
"561",1998-08-18,NA,7384
"562",1998-09-01,NA,7398
"563",1998-09-29,NA,7426
"564",1998-10-27,NA,7454
"565",1998-11-24,NA,7482
"566",1998-12-21,0.015,7509
"567",1999-01-20,0.05,7539
"568",1999-02-17,NA,7567
"569",1999-04-13,0.012,7622
"570",1999-04-27,0.01,7636
"571",1999-05-25,0.025,7664
"572",1999-06-15,NA,7685
"573",1999-06-22,0.017,7692
"574",1999-07-06,NA,7706
"575",1999-07-19,0.024,7719
"576",1999-08-03,0.009,7734
"577",1999-08-16,NA,7747
"578",1999-08-31,0.01,7762
"579",1999-09-28,NA,7790
"580",1999-10-11,NA,7803
"581",1999-12-06,0.018,7859
"582",2000-01-12,NA,7896
"583",2000-02-14,NA,7929
"584",2000-03-13,NA,7957
"585",2000-04-10,NA,7985
"586",2000-05-08,NA,8013
"587",2000-05-23,NA,8028
"588",2000-06-06,NA,8042
"589",2000-06-20,NA,8056
"590",2000-07-05,NA,8071
"591",2000-08-15,NA,8112
"592",2000-09-12,0.011,8140
"593",2000-09-26,NA,8154
"594",2000-10-12,NA,8170
"595",2000-11-07,NA,8196
"596",2000-12-05,NA,8224
"597",2001-01-02,0.021,8252
"598",2001-01-29,NA,8279
"599",2001-02-28,NA,8309
"600",2001-04-04,NA,8344
"601",2001-05-30,NA,8400
"602",2001-06-14,NA,8415
"603",2001-06-25,0.022,8426
"604",2001-08-09,0.014,8471
"605",2001-08-20,NA,8482
"606",2001-09-04,NA,8497
"607",2001-10-15,0.009,8538
"608",2001-11-27,NA,8581
"609",2001-12-10,NA,8594
"610",2002-01-14,0.015,8629
"611",2002-02-11,0.009,8657
"612",2002-03-12,NA,8686
"613",2002-04-10,0.034,8715
"614",2002-04-22,0.012,8727
"615",2002-05-06,NA,8741
"616",2002-05-20,NA,8755
"617",2002-06-04,NA,8770
"618",2002-06-17,0.013,8783
"619",2002-07-15,0.01,8811
"620",2002-07-29,NA,8825
"621",2002-08-12,NA,8839
"622",2002-08-26,NA,8853
"623",2002-09-09,NA,8867
"624",2002-09-25,0.012,8883
"625",2002-10-21,NA,8909
"626",2002-11-19,NA,8938
"627",2002-12-16,NA,8965
"628",2003-01-21,NA,9001
"629",2003-02-18,NA,9029
"630",2003-03-11,NA,9050
"631",2003-04-02,NA,9072
"632",2003-04-14,NA,9084
"633",2003-04-22,NA,9092
"634",2003-05-05,NA,9105
"635",2003-06-09,NA,9140
"636",2003-07-14,NA,9175
"637",2003-08-27,NA,9219
"638",2003-09-09,NA,9232
"639",2003-10-13,NA,9266
"640",2003-10-14,NA,9267
"641",2003-11-13,NA,9297
"642",2003-12-09,NA,9323
"643",2004-01-06,NA,9351
"644",2004-01-12,0,9357
"645",2004-02-04,5e-04,9380
"646",2004-03-17,NA,9422
"647",2004-04-20,NA,9456
"648",2004-05-18,NA,9484
"649",2004-06-09,NA,9506
"650",2004-07-20,0.009,9547
"651",2004-07-21,0.00466666666666667,9548
"652",2004-08-10,NA,9568
"653",2004-10-11,0.013,9630
"654",2004-10-18,NA,9637
"655",2004-11-18,0.016,9668
"656",2004-12-29,0.009,9709
"657",2005-01-10,NA,9721
"658",2005-01-25,NA,9736
"659",2005-02-07,NA,9749
"660",2005-03-07,NA,9777
"661",2005-04-11,NA,9812
"662",2005-05-02,NA,9833
"663",2005-05-09,0.009,9840
"664",2005-06-21,NA,9883
"665",2005-07-12,0.033,9904
"666",2005-07-20,0.009,9912
"667",2005-08-16,0.043,9939
"668",2005-09-13,NA,9967
"669",2005-10-10,0.011,9994
"670",2005-11-01,0.046,10016
"671",2005-11-07,0.03,10022
"672",2005-12-19,NA,10064
"673",2006-01-19,NA,10095
"674",2006-02-06,NA,10113
"675",2006-02-14,0.015,10121
"676",2006-03-14,NA,10149
"677",2006-04-24,0.009,10190
"678",2006-05-09,NA,10205
"679",2006-05-17,NA,10213
"680",2006-06-14,NA,10241
"681",2006-07-10,NA,10267
"682",2006-07-24,NA,10281
"683",2006-08-14,0.01,10302
"684",2006-09-27,0.016,10346
"685",2006-10-16,0.011,10365
"686",2006-11-06,NA,10386
"687",2006-12-12,0.011,10422
"688",2007-01-16,NA,10457
"689",2007-02-13,NA,10485
"690",2007-03-19,NA,10519
"691",2007-04-18,NA,10549
"692",2007-08-13,0.012,10666
"693",2007-09-26,0.015,10710
"694",2007-10-15,0.013,10729
"695",2007-11-05,0.011,10750
"696",2007-12-11,0.009,10786
"697",2008-01-14,0.019,10820
"698",2008-02-14,0.013,10851
"699",2008-03-11,0.013,10877
"700",2008-04-14,0.01,10911
"701",2008-05-21,0.007,10948
"702",2008-06-09,0.008,10967
"703",2008-07-21,0.014,11009
"704",2008-08-11,0.01,11030
"705",2008-09-23,0.007,11073
"706",2008-10-20,NA,11100
"707",2008-11-18,0.011,11129
"708",2008-12-16,0.009,11157
"709",2009-01-13,0.01,11185
"710",2009-02-12,0.007,11215
"711",2009-03-10,0.007,11241
"712",2009-04-28,0.013,11290
"713",2009-05-12,0.009,11304
"714",2009-06-10,0.007,11333
"715",2009-07-07,0.012,11360
"716",2009-08-18,0.007,11402
"717",2009-09-15,0.008,11430
"718",2009-10-13,0.012,11458
"719",2009-11-17,0.008,11493
"720",2009-12-15,0.019,11521
"721",2010-01-14,0.015,11551
"722",2010-03-10,0.01,11606
"723",2010-04-20,0.014,11647
"724",2010-05-19,0.016,11676
"725",2010-06-15,0.01,11703
"726",2010-07-13,0.012,11731
"727",2010-08-25,0.011,11774
"728",2010-09-20,0.01,11800
"729",2010-10-20,0.011,11830
"730",2010-11-01,NA,11842
"731",2010-12-15,0.009,11886
"732",2011-01-04,NA,11906
"733",2011-02-14,0.006,11947
"734",2011-03-08,0.009,11969
"735",2011-04-18,0.006,12010
"736",2011-05-23,0.015,12045
"737",2011-06-07,0.01,12060
"738",2011-07-12,0.01,12095
"739",2011-08-02,0.006,12116
"740",2011-09-19,NA,12164
"741",2011-10-10,0.007,12185
"742",2011-11-14,0.008,12220
"743",2011-12-06,0.006,12242
"744",2012-01-24,0.005,12291
"745",2012-02-06,0.011,12304
"746",2012-03-20,0.009,12347
"747",2012-04-03,NA,12361
"748",2012-05-21,0.007,12409
"749",2012-06-11,0.01,12430
"750",2012-07-17,0.01,12466
"751",2012-08-14,0.012,12494
"752",2012-09-19,NA,12530
"753",2012-10-09,NA,12550
"754",2012-11-27,0.013,12599
"755",2012-12-11,0.006,12613
"756",2013-01-08,0.011,12641
"757",2013-02-11,0.006,12675
"758",2013-03-27,0.008,12719
"759",2013-04-08,0.007,12731
"760",2013-05-14,0.016,12767
"761",2013-06-03,0.009,12787
"762",2013-07-17,0.008,12831
"763",2013-08-06,0.012,12851
"764",2013-09-17,0.005,12893
"765",2013-10-01,0.009,12907
"766",2013-11-12,0.006,12949
"767",2013-12-04,0.008,12971
"768",2014-01-14,0.011,13012
"769",2014-02-05,NA,13034
"770",2014-03-11,0.01,13068
"771",2014-04-15,0.01,13103
"772",2014-05-14,0.012,13132
"773",2014-06-04,0.009,13153
"774",2014-07-15,0.01,13194
"775",2014-08-05,0.01,13215
"776",2014-09-02,0.009,13243
"777",2014-10-07,0.015,13278
"778",2014-11-04,0.009,13306
"779",2014-12-02,0.012,13334
"780",2015-01-06,0.01,13369
"781",2015-02-03,0.027,13397
"782",2015-03-03,0.006,13425
"783",2015-04-07,0.009,13460
"784",2015-05-13,0.012,13496
"785",2015-06-03,0.01,13517
"786",2015-07-08,0.009,13552
"787",2015-08-04,0.029,13579
"788",2015-09-01,0.016,13607
"789",2015-10-06,0.007,13642
"790",2015-11-04,0.008,13671
"791",2015-12-01,0.014,13698
"792",2016-01-11,0.016,13739
"793",2016-02-02,0.01,13761
"794",2016-03-01,0.01,13789
"795",2016-04-05,0.015,13824
"796",2016-05-03,0.008,13852
"797",2016-06-14,0.026,13894
"798",2016-07-11,0.014,13921
"799",2016-08-02,0.014,13943
"800",2016-09-06,0.062,13978
"801",2016-10-18,0.016,14020
"802",2016-11-01,0.012,14034
"803",2016-12-07,0.024,14070
"804",2017-01-09,0.016,14103
"805",2017-02-07,0.01,14132
"806",2017-03-22,0.01,14175
"807",2017-04-17,0.008,14201
"808",2017-05-23,0.013,14237
"809",2017-06-20,0.045,14265
"810",2017-07-10,0.005,14285
"811",2017-08-14,0.031,14320
"812",2017-09-18,0.013,14355
"813",2017-10-10,0.005,14377
"814",2017-11-07,0.014,14405
"815",2017-12-05,0.015,14433
"816",2018-01-17,0.028,14476
"817",2018-02-06,0.008,14496
"818",2018-03-06,0.013,14524
"819",2018-04-03,0.005,14552
"820",2018-05-01,0.012,14580
"821",2018-06-05,0.012,14615
"822",2018-07-17,0.016,14657
"823",2018-08-14,0.008,14685
"824",2018-09-04,0.008,14706
"825",2018-10-16,0.01,14748
"826",2018-11-06,0.011,14769
"827",2018-12-04,0.007,14797
"828",2019-01-08,0.006,14832
"829",2019-02-12,0.012,14867
"830",2019-03-12,0.016,14895
"831",2019-04-02,0.01,14916
"832",2019-05-08,0.01,14952
"833",2019-06-05,0.01,14980
"834",2019-07-09,0.005,15014
"835",2019-08-06,0.009,15042
"836",2019-09-09,0.016,15076
"837",2019-10-01,0.011,15098
"838",2019-11-05,0.015,15133
"839",2019-12-03,0.008,15161
"840",2020-01-14,0.011,15203
"841",2020-02-12,0.007,15232
"842",2020-03-11,0.012,15260
"843",2020-04-08,0.006,15288
"844",2020-05-06,0.013,15316
"845",2020-05-21,0.008,15331
"846",2020-06-03,0.006,15344
"847",2020-06-24,0.011,15365
"848",2020-07-08,0.019,15379
"849",2020-07-22,0.009,15393
"850",2020-08-05,0.006,15407
"851",2020-08-26,0.009,15428
"852",2020-09-09,0.006,15442
"853",2020-09-24,0.007,15457
"854",2020-10-07,0.014,15470
"855",2020-10-22,0.009,15485
"856",2020-12-16,0.01,15540
"857",2021-01-06,0.012,15561
"858",2021-02-10,0.006,15596
"859",2021-03-11,0.008,15625
"860",2021-04-07,0.012,15652
"861",2021-05-05,0.011,15680
"862",2021-05-19,0.011,15694
"863",2021-06-09,0.009,15715
"864",2021-06-23,NA,15729
"865",2021-07-07,0.01,15743
"866",2021-07-21,0.01,15757
"867",2021-08-04,0.012,15771
"868",2021-08-25,0.007,15792
"869",2021-09-09,0.008,15807
"870",2021-09-22,0.008,15820
"871",2021-10-06,0.006,15834
"872",2021-10-20,0.01,15848
"873",2021-11-03,0.01,15862
"874",2021-12-08,0.013,15897
"875",2022-01-05,0.017,15925
"876",2022-02-09,0.009,15960
"877",2022-03-09,0.013,15988
"878",2022-04-06,0.007,16016
"879",2022-05-04,0.006,16044
"880",2022-05-17,0.005,16057
"881",2022-06-08,NA,16079
"882",2022-06-22,0.005,16093
"883",2022-07-07,0.007,16108
"884",2022-07-20,0.01,16121
"885",2022-08-03,0.01,16135
"886",2022-08-17,0.006,16149
"887",2022-09-07,0.005,16170
"888",2022-09-21,0.006,16184
"889",2022-10-05,NA,16198
"890",2022-10-19,0.012,16212
"891",2022-11-16,0.013,16240
"892",2022-12-07,0.006,16261
"893",2023-01-11,0.017,16296
"894",2023-02-08,0.007,16324
"895",2023-03-08,0.005,16352
"896",2023-04-05,0.01,16380
"897",2023-05-03,0.007,16408
