"","date","S65E_AMMONIA-N_mg/L","days"
"1",1973-04-16,0.04,16
"2",1973-04-23,0.09,23
"3",1973-04-30,0.08,29
"4",1973-05-07,0.14,36
"5",1973-05-14,0.01,43
"6",1973-05-21,NA,50
"7",1973-05-29,0.05,58
"8",1973-06-04,0.07,64
"9",1973-06-11,0.11,71
"10",1973-06-13,0.0366666666666667,73
"11",1973-06-18,0.02,78
"12",1973-06-25,0.03,85
"13",1973-07-02,0.11,92
"14",1973-07-09,0.12,99
"15",1973-07-16,0.213333333333333,106
"16",1973-07-23,0.26,113
"17",1973-07-30,0.26,120
"18",1973-08-06,0.17,127
"19",1973-08-13,NA,134
"20",1973-08-20,0.15,141
"21",1973-08-27,0.07,148
"22",1973-08-29,0.15,150
"23",1973-09-04,0.16,156
"24",1973-09-10,0.17,162
"25",1973-09-17,0.12,169
"26",1973-09-24,0.15,176
"27",1973-10-01,0.21,183
"28",1973-10-02,0.175,184
"29",1973-10-08,0.09,190
"30",1973-10-15,0.15,197
"31",1973-10-23,0.22,205
"32",1973-10-29,NA,212
"33",1973-11-07,0.005,221
"34",1973-11-12,0.12,226
"35",1973-11-13,0.11,227
"36",1973-11-26,0.04,240
"37",1973-12-03,NA,247
"38",1973-12-05,0.015,249
"39",1973-12-10,0.14,254
"40",1973-12-11,0.07,255
"41",1973-12-17,0.1,261
"42",1974-01-02,0.1,277
"43",1974-01-08,0.01,282
"44",1974-01-14,0.11,288
"45",1974-01-28,0.07,302
"46",1974-02-11,0.06,316
"47",1974-02-12,0.055,317
"48",1974-02-25,0.09,330
"49",1974-03-05,0.05,338
"50",1974-03-11,0.01,344
"51",1974-03-25,0.03,358
"52",1974-04-02,0.02,366
"53",1974-04-08,0.12,372
"54",1974-04-22,0.3,386
"55",1974-05-07,0.05,401
"56",1974-05-13,NA,407
"57",1974-05-28,0.09,422
"58",1974-06-10,0.04,435
"59",1974-06-11,0.025,436
"60",1974-07-08,0.03,463
"61",1974-07-09,0.05,464
"62",1974-07-22,0.04,477
"63",1974-08-05,0.06,491
"64",1974-08-13,0.09,499
"65",1974-08-19,0.09,505
"66",1974-09-03,0.08,520
"67",1974-09-10,0.115,527
"68",1974-09-16,0.04,533
"69",1974-09-30,0.04,547
"70",1974-10-08,0.045,555
"71",1974-10-14,0.19,561
"72",1974-10-28,NA,576
"73",1974-11-05,0.025,584
"74",1974-11-12,0.07,591
"75",1974-12-10,0.065,619
"76",1975-01-07,0.065,647
"77",1975-02-04,0.035,675
"78",1975-03-05,0.06,703
"79",1975-04-08,0.065,737
"80",1975-05-06,0.01,765
"81",1975-06-03,NA,793
"82",1975-07-15,0.24,835
"83",1975-08-12,0.055,863
"84",1975-09-12,0.145,894
"85",1975-10-27,0.03,940
"86",1975-10-28,0.02,941
"87",1975-11-18,0.075,962
"88",1976-02-12,0.04,1048
"89",1976-05-11,0.08,1136
"90",1976-06-22,0.18,1178
"91",1976-06-25,0.26,1181
"92",1976-07-20,0.25,1206
"93",1976-08-24,0.005,1241
"94",1976-09-21,0.095,1269
"95",1976-10-19,0.17,1297
"96",1976-12-06,0.07,1346
"97",1977-01-25,0.03,1396
"98",1977-03-21,0.07,1451
"99",1977-05-23,0.025,1513
"100",1977-07-25,0,1576
"101",1977-09-20,0.08,1633
"102",1977-12-01,0.09,1706
"103",1978-01-24,0.09,1760
"104",1978-03-21,0.07,1816
"105",1978-05-30,0.025,1885
"106",1978-06-21,0.15,1907
"107",1978-07-25,0.125,1941
"108",1978-08-22,0.025,1969
"109",1978-09-18,0.1,1996
"110",1978-10-09,0.17,2017
"111",1978-10-17,0.225,2025
"112",1978-10-23,0.08,2031
"113",1978-11-14,0.085,2054
"114",1978-11-20,0.02,2060
"115",1978-12-04,0.05,2074
"116",1978-12-12,0.02,2082
"117",1978-12-19,0.04,2089
"118",1979-01-08,0.07,2109
"119",1979-01-22,0.02,2123
"120",1979-01-23,0.03,2124
"121",1979-02-05,0.01,2137
"122",1979-02-20,0.00666666666666667,2152
"123",1979-03-05,0.035,2165
"124",1979-03-19,0.05,2179
"125",1979-04-02,0.17,2193
"126",1979-04-16,0.02,2207
"127",1979-04-24,0.15,2215
"128",1979-04-30,0.0533333333333333,2220
"129",1979-05-14,0.01,2234
"130",1979-05-22,0.015,2242
"131",1979-05-29,NA,2249
"132",1979-06-11,0.09,2262
"133",1979-06-18,0.13,2269
"134",1979-06-25,0.05,2276
"135",1979-07-09,NA,2290
"136",1979-07-17,0.19,2298
"137",1979-07-23,0.15,2304
"138",1979-08-06,0.04,2318
"139",1979-08-20,0.25,2332
"140",1979-08-21,0.165,2333
"141",1979-09-05,0.16,2348
"142",1979-09-18,0.0866666666666667,2361
"143",1979-10-01,0.09,2374
"144",1979-10-02,0.03,2375
"145",1979-10-15,0.08,2388
"146",1979-10-29,0.19,2403
"147",1979-11-13,0.05,2418
"148",1979-12-11,0.1,2446
"149",1980-01-08,0.11,2474
"150",1980-01-22,0.04,2488
"151",1980-02-19,0.07,2516
"152",1980-03-04,0.05,2530
"153",1980-03-18,0.04,2544
"154",1980-04-02,0.14,2559
"155",1980-04-16,0.11,2573
"156",1980-04-30,0.11,2586
"157",1980-05-12,NA,2598
"158",1980-05-13,0.1,2599
"159",1980-05-28,NA,2614
"160",1980-06-09,NA,2626
"161",1980-06-25,NA,2642
"162",1980-07-07,0.02,2654
"163",1980-07-08,0.03,2655
"164",1980-07-24,0.02,2671
"165",1980-08-04,0.045,2682
"166",1980-08-20,0.01,2698
"167",1980-09-03,0.31,2712
"168",1980-09-17,0.34,2726
"169",1980-09-30,0.11,2739
"170",1980-10-01,0.03,2740
"171",1980-10-14,0.02,2753
"172",1980-10-28,0.32,2768
"173",1980-10-29,0.04,2769
"174",1980-11-12,0.1,2783
"175",1980-11-25,0.06,2796
"176",1980-12-02,0.0566666666666667,2803
"177",1980-12-23,0.02,2824
"178",1980-12-31,0.02,2832
"179",1981-01-14,NA,2846
"180",1981-01-20,NA,2852
"181",1981-01-27,0.01,2859
"182",1981-02-11,0.11,2874
"183",1981-02-17,0.08,2880
"184",1981-02-24,0.02,2887
"185",1981-03-11,0.04,2902
"186",1981-03-16,0.03,2907
"187",1981-03-24,NA,2915
"188",1981-04-08,NA,2930
"189",1981-04-13,0.05,2935
"190",1981-04-21,NA,2943
"191",1981-05-06,0.05,2957
"192",1981-05-11,0.01,2962
"193",1981-05-19,0.03,2970
"194",1981-06-02,0.02,2984
"195",1981-06-08,0.02,2990
"196",1981-06-17,NA,2999
"197",1981-06-30,0.03,3012
"198",1981-07-06,NA,3018
"199",1981-07-16,NA,3028
"200",1981-07-28,NA,3040
"201",1981-08-03,NA,3046
"202",1981-08-12,NA,3055
"203",1981-08-25,0.02,3068
"204",1981-08-31,0.03,3074
"205",1981-09-10,0.09,3084
"206",1981-09-23,0.34,3097
"207",1981-09-28,0.386666666666667,3102
"208",1981-10-06,0.36,3110
"209",1981-10-20,0.17,3124
"210",1981-10-26,0.03,3131
"211",1981-11-04,0.08,3140
"212",1981-11-23,0.02,3159
"213",1981-12-02,0.04,3168
"214",1981-12-21,0.02,3187
"215",1981-12-29,0.02,3195
"216",1982-01-18,NA,3215
"217",1982-02-16,0.02,3244
"218",1982-02-24,0.04,3252
"219",1982-03-09,0.02,3265
"220",1982-03-15,0.01,3271
"221",1982-04-05,0.02,3292
"222",1982-04-12,0.02,3299
"223",1982-04-19,0.03,3306
"224",1982-05-04,0.03,3320
"225",1982-05-10,0.0433333333333333,3326
"226",1982-05-18,0.03,3334
"227",1982-06-01,0.04,3348
"228",1982-06-07,0.09,3354
"229",1982-06-14,NA,3361
"230",1982-07-01,NA,3378
"231",1982-07-07,0.04,3384
"232",1982-07-12,0.05,3389
"233",1982-07-27,0.03,3404
"234",1982-08-02,0.05,3410
"235",1982-08-09,0.04,3417
"236",1982-08-25,0.106666666666667,3433
"237",1982-09-01,0.09,3440
"238",1982-09-09,0.09,3448
"239",1982-09-21,0.03,3460
"240",1982-09-27,0.11,3466
"241",1982-10-05,0.05,3474
"242",1982-10-20,0.0433333333333333,3489
"243",1982-10-26,0.07,3495
"244",1982-11-01,0.05,3502
"245",1982-11-22,0,3523
"246",1982-12-06,0.03,3537
"247",1982-12-20,0.02,3551
"248",1982-12-22,0.03,3553
"249",1983-01-04,0.01,3566
"250",1983-01-18,0.02,3580
"251",1983-01-19,0.03,3581
"252",1983-02-01,0.03,3594
"253",1983-02-17,0.03,3610
"254",1983-03-02,0.03,3623
"255",1983-03-15,0.03,3636
"256",1983-03-17,0.02,3638
"257",1983-03-29,NA,3650
"258",1983-04-14,0.05,3666
"259",1983-04-15,0.03,3667
"260",1983-04-26,0.04,3677
"261",1983-05-11,0.02,3692
"262",1983-05-12,0.03,3693
"263",1983-05-24,0.06,3705
"264",1983-06-07,0.03,3719
"265",1983-06-09,0.1,3721
"266",1983-06-21,0.14,3733
"267",1983-07-06,0.01,3748
"268",1983-07-07,0.02,3749
"269",1983-07-19,NA,3761
"270",1983-08-02,0.06,3775
"271",1983-08-03,0.09,3776
"272",1983-08-16,NA,3789
"273",1983-08-30,0.01,3803
"274",1983-09-01,0.05,3805
"275",1983-09-12,0.15,3816
"276",1983-09-27,0.02,3831
"277",1983-09-28,0.0266666666666667,3832
"278",1983-10-10,0.07,3844
"279",1983-10-25,0.09,3859
"280",1983-10-28,0.09,3862
"281",1983-11-08,0.02,3874
"282",1983-11-16,0.03,3882
"283",1983-11-21,0.04,3887
"284",1983-12-20,0.06,3916
"285",1983-12-29,0.01,3925
"286",1984-01-04,NA,3931
"287",1984-01-17,NA,3944
"288",1984-01-25,0.02,3952
"289",1984-01-31,0.02,3958
"290",1984-02-14,0.05,3972
"291",1984-02-23,0.06,3981
"292",1984-02-29,0.06,3987
"293",1984-03-13,0.04,4000
"294",1984-03-21,0.0766666666666667,4008
"295",1984-03-27,0.09,4014
"296",1984-04-09,0.02,4027
"297",1984-04-18,0.02,4036
"298",1984-04-25,0.02,4043
"299",1984-05-31,NA,4078
"300",1984-06-04,0.01,4082
"301",1984-06-19,0.1,4097
"302",1984-06-27,0.1,4105
"303",1984-07-31,0.08,4139
"304",1984-08-13,0.02,4152
"305",1984-08-22,0.04,4161
"306",1984-08-27,0.01,4166
"307",1984-09-10,0.47,4180
"308",1984-09-21,0.26,4191
"309",1984-09-25,0.29,4195
"310",1984-10-23,0.05,4223
"311",1984-10-30,0.09,4231
"312",1984-11-06,0.01,4238
"313",1984-11-14,NA,4246
"314",1984-12-04,0.01,4266
"315",1984-12-18,0.02,4280
"316",1984-12-27,0.02,4289
"317",1985-01-15,0.01,4308
"318",1985-01-24,NA,4317
"319",1985-02-20,0.03,4344
"320",1985-02-26,NA,4350
"321",1985-03-20,0.04,4372
"322",1985-03-26,0.03,4378
"323",1985-04-17,NA,4400
"324",1985-04-23,0.03,4406
"325",1985-05-06,NA,4418
"326",1985-05-16,NA,4428
"327",1985-05-20,NA,4432
"328",1985-06-19,0.01,4462
"329",1985-06-26,0.05,4469
"330",1985-07-02,0.01,4475
"331",1985-07-23,0.37,4496
"332",1985-07-30,0.02,4503
"333",1985-08-21,0.11,4525
"334",1985-08-27,0.27,4531
"335",1985-09-09,0.07,4544
"336",1985-09-19,0.15,4554
"337",1985-09-24,0.11,4559
"338",1985-10-08,0.08,4573
"339",1985-10-17,0.0833333333333333,4582
"340",1985-10-22,0.24,4587
"341",1985-11-05,0.03,4602
"342",1985-11-14,0.03,4611
"343",1985-12-03,0.08,4630
"344",1985-12-12,NA,4639
"345",1986-01-14,0.05,4672
"346",1986-01-16,0.21,4674
"347",1986-01-28,0.06,4686
"348",1986-02-12,NA,4701
"349",1986-02-18,NA,4707
"350",1986-02-25,NA,4714
"351",1986-03-18,0.04,4735
"352",1986-03-25,0.05,4742
"353",1986-04-08,NA,4756
"354",1986-04-15,NA,4763
"355",1986-04-22,NA,4770
"356",1986-05-06,0.04,4783
"357",1986-05-14,0.04,4791
"358",1986-05-20,NA,4797
"359",1986-06-04,NA,4812
"360",1986-06-19,NA,4827
"361",1986-07-01,0.36,4839
"362",1986-07-15,0.11,4853
"363",1986-07-17,0.17,4855
"364",1986-07-29,0.18,4867
"365",1986-08-14,0.22,4883
"366",1986-08-26,0.08,4895
"367",1986-09-09,NA,4909
"368",1986-09-10,0.09,4910
"369",1986-09-23,0.07,4923
"370",1986-10-07,0.05,4937
"371",1986-10-09,0.13,4939
"372",1986-10-21,NA,4951
"373",1986-11-04,0.19,4966
"374",1986-11-06,NA,4968
"375",1986-11-18,NA,4980
"376",1986-12-03,0.02,4995
"377",1986-12-04,NA,4996
"378",1986-12-18,NA,5010
"379",1987-01-07,0.03,5030
"380",1987-01-08,0.02,5031
"381",1987-01-15,NA,5038
"382",1987-01-22,NA,5045
"383",1987-01-29,NA,5052
"384",1987-02-03,NA,5057
"385",1987-02-05,NA,5059
"386",1987-02-12,NA,5066
"387",1987-02-18,NA,5072
"388",1987-02-19,NA,5073
"389",1987-02-26,0.15,5080
"390",1987-03-03,0.03,5085
"391",1987-03-05,0.05,5087
"392",1987-03-12,0.03,5094
"393",1987-03-17,NA,5099
"394",1987-03-19,NA,5101
"395",1987-03-26,0.07,5108
"396",1987-03-31,0.1,5113
"397",1987-04-14,NA,5126
"398",1987-04-22,NA,5134
"399",1987-04-28,NA,5140
"400",1987-05-11,0.07,5153
"401",1987-05-13,0.12,5155
"402",1987-05-20,0.14,5162
"403",1987-05-26,0.09,5168
"404",1987-06-01,NA,5174
"405",1987-06-17,NA,5190
"406",1987-06-24,NA,5197
"407",1987-07-01,NA,5204
"408",1987-07-08,NA,5211
"409",1987-07-16,NA,5219
"410",1987-07-21,NA,5224
"411",1987-07-30,NA,5233
"412",1987-08-04,0.04,5238
"413",1987-08-12,NA,5246
"414",1987-08-18,0.13,5252
"415",1987-08-28,0.01,5262
"416",1987-09-09,NA,5274
"417",1987-09-24,0.05,5289
"418",1987-09-29,0.18,5294
"419",1987-10-07,0.12,5302
"420",1987-10-13,0.17,5308
"421",1987-10-21,0.06,5316
"422",1987-10-28,0.08,5324
"423",1987-11-04,0.05,5331
"424",1987-11-10,0.07,5337
"425",1987-11-18,NA,5345
"426",1987-11-24,0.04,5351
"427",1987-12-03,NA,5360
"428",1987-12-08,0.04,5365
"429",1987-12-17,0.04,5374
"430",1987-12-22,NA,5379
"431",1987-12-28,0.09,5385
"432",1987-12-30,0.09,5387
"433",1988-01-01,0.1,5389
"434",1988-01-03,0.07,5391
"435",1988-01-05,0.06,5393
"436",1988-01-06,0.135,5394
"437",1988-01-07,0.12,5395
"438",1988-01-09,0.06,5397
"439",1988-01-10,0.06,5398
"440",1988-01-12,0.05,5400
"441",1988-01-13,0.06,5401
"442",1988-01-14,0.05,5402
"443",1988-01-15,0.04,5403
"444",1988-01-19,0.0666666666666667,5407
"445",1988-01-21,0.07,5409
"446",1988-01-22,0.03,5410
"447",1988-01-23,NA,5411
"448",1988-01-25,0.06,5413
"449",1988-01-26,0.04,5414
"450",1988-01-27,NA,5415
"451",1988-01-29,0.03,5417
"452",1988-02-01,0.005,5420
"453",1988-02-02,NA,5421
"454",1988-02-04,NA,5423
"455",1988-02-06,0.03,5425
"456",1988-02-08,0.04,5427
"457",1988-02-11,0.07,5430
"458",1988-02-14,0.06,5433
"459",1988-02-16,NA,5435
"460",1988-02-17,0.02,5436
"461",1988-02-18,0.035,5437
"462",1988-02-20,0.02,5439
"463",1988-02-22,0.01,5441
"464",1988-02-23,0.11,5442
"465",1988-02-25,0.03,5444
"466",1988-02-26,NA,5445
"467",1988-02-27,0.03,5446
"468",1988-02-29,0.03,5448
"469",1988-03-01,0.005,5449
"470",1988-03-03,0.02,5451
"471",1988-03-05,NA,5453
"472",1988-03-06,NA,5454
"473",1988-03-07,0.03,5455
"474",1988-03-08,0.07,5456
"475",1988-03-10,0.04,5458
"476",1988-03-13,0.03,5461
"477",1988-03-14,0.005,5462
"478",1988-03-15,NA,5463
"479",1988-03-16,0.01,5464
"480",1988-03-17,0.03,5465
"481",1988-03-19,0.03,5467
"482",1988-03-20,NA,5468
"483",1988-03-21,0.055,5469
"484",1988-03-22,NA,5470
"485",1988-03-23,0.05,5471
"486",1988-03-28,NA,5476
"487",1988-03-29,NA,5477
"488",1988-03-30,NA,5478
"489",1988-04-01,NA,5480
"490",1988-04-02,NA,5481
"491",1988-04-03,0.03,5482
"492",1988-04-04,0.06,5482
"493",1988-04-06,NA,5484
"494",1988-04-07,NA,5485
"495",1988-04-08,NA,5486
"496",1988-04-09,NA,5487
"497",1988-04-10,NA,5488
"498",1988-04-11,0.03,5489
"499",1988-04-12,0.06,5490
"500",1988-04-13,0.24,5491
"501",1988-04-14,0.065,5492
"502",1988-04-18,0.02,5496
"503",1988-04-19,0.04,5497
"504",1988-04-20,0.06,5498
"505",1988-04-21,0.12,5499
"506",1988-04-22,0.1,5500
"507",1988-04-23,NA,5501
"508",1988-04-24,0.09,5502
"509",1988-04-25,NA,5503
"510",1988-04-26,NA,5504
"511",1988-04-28,0.11,5506
"512",1988-04-29,NA,5507
"513",1988-04-30,0.02,5508
"514",1988-05-01,NA,5509
"515",1988-05-02,0.02,5510
"516",1988-05-03,NA,5511
"517",1988-05-04,0.03,5512
"518",1988-05-05,0.07,5513
"519",1988-05-06,0.04,5514
"520",1988-05-08,NA,5516
"521",1988-05-09,0.045,5517
"522",1988-05-10,0.01,5518
"523",1988-05-11,0.12,5519
"524",1988-05-12,0.05,5520
"525",1988-05-13,0.09,5521
"526",1988-05-14,0.15,5522
"527",1988-05-17,0,5525
"528",1988-05-18,0.12,5526
"529",1988-05-22,0.05,5530
"530",1988-05-23,NA,5531
"531",1988-05-24,0.005,5532
"532",1988-05-25,NA,5533
"533",1988-05-26,NA,5534
"534",1988-05-28,NA,5536
"535",1988-05-29,0.06,5537
"536",1988-05-31,NA,5539
"537",1988-06-01,0.02,5540
"538",1988-06-02,0.06,5541
"539",1988-06-03,0.07,5542
"540",1988-06-04,0.09,5543
"541",1988-06-05,0.05,5544
"542",1988-06-06,0.04,5545
"543",1988-06-07,0.01,5546
"544",1988-06-08,NA,5547
"545",1988-06-09,0.035,5548
"546",1988-06-10,0.04,5549
"547",1988-06-11,NA,5550
"548",1988-06-12,0.03,5551
"549",1988-06-14,0.02,5553
"550",1988-06-15,NA,5554
"551",1988-06-16,NA,5555
"552",1988-06-17,0.02,5556
"553",1988-06-18,NA,5557
"554",1988-06-19,NA,5558
"555",1988-06-20,0.005,5559
"556",1988-06-21,NA,5560
"557",1988-06-28,NA,5567
"558",1988-06-29,0.06,5568
"559",1988-06-30,0.55,5569
"560",1988-07-01,0.1,5570
"561",1988-07-02,0.01,5571
"562",1988-07-03,0.12,5572
"563",1988-07-05,NA,5574
"564",1988-07-06,0.03,5575
"565",1988-07-07,0.05,5576
"566",1988-07-08,NA,5577
"567",1988-07-09,0.025,5578
"568",1988-07-12,0.015,5581
"569",1988-07-13,NA,5582
"570",1988-07-14,0.05,5583
"571",1988-07-15,0.03,5584
"572",1988-07-16,0.04,5585
"573",1988-07-17,0.02,5586
"574",1988-07-18,NA,5587
"575",1988-07-19,0,5588
"576",1988-07-25,NA,5594
"577",1988-07-26,0.17,5595
"578",1988-07-27,0.15,5596
"579",1988-08-02,0.12,5602
"580",1988-08-03,NA,5603
"581",1988-08-09,0.07,5609
"582",1988-08-15,NA,5615
"583",1988-08-16,0.08,5616
"584",1988-08-17,0.11,5617
"585",1988-08-18,0.29,5618
"586",1988-08-19,NA,5619
"587",1988-08-20,0.15,5620
"588",1988-08-22,0.07,5622
"589",1988-08-23,0.095,5623
"590",1988-08-25,0.04,5625
"591",1988-08-27,0.1,5627
"592",1988-08-28,0.03,5628
"593",1988-08-29,0.12,5629
"594",1988-08-30,0.165,5630
"595",1988-08-31,0.03,5631
"596",1988-09-01,NA,5632
"597",1988-09-02,NA,5633
"598",1988-09-04,NA,5635
"599",1988-09-05,0.05,5636
"600",1988-09-07,0.21,5638
"601",1988-09-12,0.07,5643
"602",1988-09-13,0.06,5644
"603",1988-09-19,0.04,5650
"604",1988-09-26,0.01,5657
"605",1988-09-27,NA,5658
"606",1988-09-29,NA,5660
"607",1988-10-03,0.11,5664
"608",1988-10-10,0.16,5671
"609",1988-10-11,0.14,5672
"610",1988-10-17,NA,5678
"611",1988-10-19,NA,5680
"612",1988-10-21,NA,5682
"613",1988-10-23,NA,5684
"614",1988-10-24,NA,5685
"615",1988-10-25,0,5686
"616",1988-10-31,NA,5693
"617",1988-11-07,0.01,5700
"618",1988-11-21,0.02,5714
"619",1988-11-22,0.04,5715
"620",1988-12-05,NA,5728
"621",1988-12-19,0.04,5742
"622",1988-12-28,NA,5751
"623",1988-12-30,NA,5753
"624",1989-01-01,NA,5755
"625",1989-01-03,NA,5757
"626",1989-01-11,0.02,5765
"627",1989-01-13,0.03,5767
"628",1989-01-15,NA,5769
"629",1989-01-17,NA,5771
"630",1989-01-23,NA,5777
"631",1989-01-24,NA,5778
"632",1989-01-26,NA,5780
"633",1989-01-29,NA,5783
"634",1989-01-30,0.02,5784
"635",1989-01-31,NA,5785
"636",1989-02-06,NA,5791
"637",1989-02-08,NA,5793
"638",1989-02-10,NA,5795
"639",1989-02-12,NA,5797
"640",1989-02-13,NA,5798
"641",1989-02-14,0.07,5799
"642",1989-02-18,0.02,5803
"643",1989-02-20,0.02,5805
"644",1989-02-22,0,5807
"645",1989-02-27,0.03,5812
"646",1989-02-28,0.05,5813
"647",1989-03-04,0.05,5817
"648",1989-03-06,0.04,5819
"649",1989-03-09,0.015,5822
"650",1989-03-10,0.02,5823
"651",1989-03-13,NA,5826
"652",1989-03-15,NA,5828
"653",1989-03-16,0.025,5829
"654",1989-03-17,0.01,5830
"655",1989-03-19,NA,5832
"656",1989-03-21,0.005,5834
"657",1989-03-22,NA,5835
"658",1989-03-24,NA,5837
"659",1989-03-27,0.02,5840
"660",1989-03-28,0.03,5841
"661",1989-03-29,0.07,5842
"662",1989-04-07,NA,5850
"663",1989-04-08,NA,5851
"664",1989-04-09,NA,5852
"665",1989-04-10,0,5853
"666",1989-04-11,0.045,5854
"667",1989-04-13,NA,5856
"668",1989-04-16,NA,5859
"669",1989-04-17,0.11,5860
"670",1989-04-20,NA,5863
"671",1989-04-22,NA,5865
"672",1989-04-23,0.09,5866
"673",1989-04-24,NA,5867
"674",1989-04-25,0.01,5868
"675",1989-04-26,0,5869
"676",1989-04-29,NA,5872
"677",1989-05-01,NA,5874
"678",1989-05-03,NA,5876
"679",1989-05-06,NA,5879
"680",1989-05-08,0.03,5881
"681",1989-05-10,NA,5883
"682",1989-05-13,0.03,5886
"683",1989-05-14,0.03,5887
"684",1989-05-16,0.035,5889
"685",1989-05-17,0.03,5890
"686",1989-05-20,0.02,5893
"687",1989-05-22,0.045,5895
"688",1989-05-24,NA,5897
"689",1989-05-26,0.18,5899
"690",1989-05-28,0.45,5901
"691",1989-05-30,NA,5903
"692",1989-06-01,0.07,5905
"693",1989-06-03,0.02,5907
"694",1989-06-05,0.0433333333333333,5909
"695",1989-06-07,NA,5911
"696",1989-06-09,NA,5913
"697",1989-06-11,NA,5915
"698",1989-06-12,NA,5916
"699",1989-06-13,NA,5917
"700",1989-06-16,NA,5920
"701",1989-06-19,NA,5923
"702",1989-06-20,NA,5924
"703",1989-06-21,0.02,5925
"704",1989-06-22,0.02,5926
"705",1989-06-26,NA,5930
"706",1989-07-03,NA,5937
"707",1989-07-05,NA,5939
"708",1989-07-11,NA,5945
"709",1989-07-17,NA,5951
"710",1989-07-18,NA,5952
"711",1989-07-19,NA,5953
"712",1989-07-25,0.05,5959
"713",1989-07-26,NA,5960
"714",1989-07-27,NA,5961
"715",1989-07-28,NA,5962
"716",1989-07-31,NA,5965
"717",1989-08-01,NA,5966
"718",1989-08-02,0.01,5967
"719",1989-08-03,NA,5968
"720",1989-08-06,NA,5971
"721",1989-08-07,NA,5972
"722",1989-08-08,NA,5973
"723",1989-08-09,0.03,5974
"724",1989-08-12,0.04,5977
"725",1989-08-14,0.05,5979
"726",1989-08-15,0.005,5980
"727",1989-08-16,0.08,5981
"728",1989-08-18,0.11,5983
"729",1989-08-19,0.07,5984
"730",1989-08-21,0.12,5986
"731",1989-08-22,0.22,5987
"732",1989-08-23,0.14,5988
"733",1989-08-26,0.06,5991
"734",1989-08-27,0.04,5992
"735",1989-08-28,0.02,5993
"736",1989-08-29,0.045,5994
"737",1989-08-30,0.05,5995
"738",1989-09-01,0.1,5997
"739",1989-09-04,0.1,6000
"740",1989-09-05,0.19,6001
"741",1989-09-06,0.13,6002
"742",1989-09-07,0.1,6003
"743",1989-09-08,0.08,6004
"744",1989-09-09,0.11,6005
"745",1989-09-11,0.175,6007
"746",1989-09-12,0.17,6008
"747",1989-09-13,0.07,6009
"748",1989-09-14,0.23,6010
"749",1989-09-17,0.08,6013
"750",1989-09-19,0.05,6015
"751",1989-09-20,0.2,6016
"752",1989-09-23,0.25,6019
"753",1989-09-25,0.245,6021
"754",1989-09-27,0.263333333333333,6023
"755",1989-09-29,0.15,6025
"756",1989-10-02,0.1,6028
"757",1989-10-03,0.15,6029
"758",1989-10-06,0.06,6032
"759",1989-10-09,0.163333333333333,6035
"760",1989-10-11,0.15,6037
"761",1989-10-14,0.1,6040
"762",1989-10-16,0.12,6042
"763",1989-10-17,0.06,6043
"764",1989-10-18,0.05,6044
"765",1989-10-21,0.05,6047
"766",1989-10-22,0.05,6048
"767",1989-10-23,0.103333333333333,6049
"768",1989-10-24,0.11,6050
"769",1989-10-26,0.1,6052
"770",1989-10-29,NA,6055
"771",1989-10-30,0.13,6057
"772",1989-10-31,0.03,6058
"773",1989-11-03,0.02,6061
"774",1989-11-05,0.01,6063
"775",1989-11-06,0.065,6064
"776",1989-11-08,0.06,6066
"777",1989-11-13,0.05,6071
"778",1989-11-14,0.03,6072
"779",1989-11-16,0.03,6074
"780",1989-11-17,0.04,6075
"781",1989-11-20,0.05,6078
"782",1989-11-22,0.04,6080
"783",1989-11-23,0.07,6081
"784",1989-11-25,NA,6083
"785",1989-11-27,0.04,6085
"786",1989-11-28,0.01,6086
"787",1989-12-02,0.02,6090
"788",1989-12-04,0.03,6092
"789",1989-12-11,0.06,6099
"790",1989-12-18,0.01,6106
"791",1989-12-19,0.05,6107
"792",1989-12-20,0.03,6108
"793",1989-12-21,0.03,6109
"794",1989-12-22,0.03,6110
"795",1989-12-23,0.02,6111
"796",1989-12-24,0.02,6112
"797",1989-12-26,0.02,6114
"798",1989-12-27,0.02,6115
"799",1989-12-28,0.03,6116
"800",1989-12-29,0.03,6117
"801",1989-12-30,0.02,6118
"802",1989-12-31,0.02,6119
"803",1990-01-01,0.02,6120
"804",1990-01-02,0.015,6121
"805",1990-01-03,0.0133333333333333,6122
"806",1990-01-06,0.03,6125
"807",1990-01-07,0.01,6126
"808",1990-01-09,0.12,6128
"809",1990-01-10,0.04,6129
"810",1990-01-12,0.04,6131
"811",1990-01-14,0.02,6133
"812",1990-01-16,NA,6135
"813",1990-01-18,0.05,6137
"814",1990-01-20,0.06,6139
"815",1990-01-23,0.01,6142
"816",1990-01-30,NA,6149
"817",1990-01-31,NA,6150
"818",1990-02-06,NA,6156
"819",1990-02-13,NA,6163
"820",1990-02-14,0.01,6164
"821",1990-02-16,0.01,6166
"822",1990-02-18,NA,6168
"823",1990-02-20,NA,6170
"824",1990-02-22,0.04,6172
"825",1990-02-24,0.03,6174
"826",1990-02-26,0.04,6176
"827",1990-02-27,0.08,6177
"828",1990-02-28,0.02,6178
"829",1990-03-02,0.07,6180
"830",1990-03-04,0.07,6182
"831",1990-03-06,0.04,6184
"832",1990-03-08,0.05,6186
"833",1990-03-10,0.13,6188
"834",1990-03-12,0.04,6190
"835",1990-03-16,0.07,6194
"836",1990-03-26,0.05,6204
"837",1990-03-27,0.04,6205
"838",1990-04-03,NA,6211
"839",1990-04-05,0.03,6213
"840",1990-04-07,0.03,6215
"841",1990-04-09,0.03,6217
"842",1990-04-10,0.05,6218
"843",1990-04-11,0.04,6219
"844",1990-04-17,0.01,6225
"845",1990-04-23,NA,6231
"846",1990-04-24,NA,6232
"847",1990-04-26,0.04,6234
"848",1990-04-28,0.03,6236
"849",1990-04-30,0.035,6238
"850",1990-05-07,0,6245
"851",1990-05-09,0.11,6247
"852",1990-05-11,NA,6249
"853",1990-05-13,0.02,6251
"854",1990-05-14,0.02,6252
"855",1990-05-16,NA,6254
"856",1990-05-18,0.01,6256
"857",1990-05-20,0.02,6258
"858",1990-05-21,0,6259
"859",1990-05-29,NA,6267
"860",1990-06-04,0.02,6273
"861",1990-06-05,NA,6274
"862",1990-06-12,NA,6281
"863",1990-06-18,NA,6287
"864",1990-06-25,NA,6294
"865",1990-07-02,NA,6301
"866",1990-07-03,0.03,6302
"867",1990-07-09,NA,6308
"868",1990-07-16,0.15,6315
"869",1990-07-23,0.17,6322
"870",1990-07-30,0.025,6329
"871",1990-08-06,0.08,6336
"872",1990-08-13,0.14,6343
"873",1990-08-20,0.05,6350
"874",1990-08-27,0.16,6357
"875",1990-09-04,0.21,6365
"876",1990-09-10,0.22,6371
"877",1990-09-17,0.18,6378
"878",1990-09-24,0.21,6385
"879",1990-10-01,0.24,6392
"880",1990-10-08,0.17,6399
"881",1990-10-09,0.15,6400
"882",1990-10-16,0.08,6407
"883",1990-10-22,0.095,6413
"884",1990-10-31,0.14,6423
"885",1990-11-05,0.13,6428
"886",1990-11-06,0.15,6429
"887",1990-11-13,0.12,6436
"888",1990-11-19,0.07,6442
"889",1990-11-20,0.08,6443
"890",1990-11-26,NA,6449
"891",1990-12-03,0.02,6456
"892",1990-12-10,0.08,6463
"893",1990-12-17,0.04,6470
"894",1990-12-18,0.03,6471
"895",1990-12-26,0.03,6479
"896",1990-12-31,0.05,6484
"897",1991-01-07,0.03,6491
"898",1991-01-14,0.035,6498
"899",1991-01-17,0.04,6501
"900",1991-01-22,0.05,6506
"901",1991-01-28,0.015,6512
"902",1991-02-04,NA,6519
"903",1991-02-11,0.02,6526
"904",1991-02-19,0.01,6534
"905",1991-02-25,0.02,6540
"906",1991-02-26,0.04,6541
"907",1991-03-04,0.02,6547
"908",1991-03-11,0.01,6554
"909",1991-03-18,0.03,6561
"910",1991-03-25,0.07,6568
"911",1991-04-01,0.05,6575
"912",1991-04-08,0.04,6581
"913",1991-04-15,0.01,6588
"914",1991-04-22,0.03,6595
"915",1991-04-29,NA,6602
"916",1991-05-06,NA,6609
"917",1991-05-13,NA,6616
"918",1991-05-20,NA,6623
"919",1991-05-28,NA,6631
"920",1991-06-03,NA,6637
"921",1991-06-10,0.1,6644
"922",1991-06-17,0.07,6651
"923",1991-06-18,NA,6652
"924",1991-06-24,0.02,6658
"925",1991-07-01,0.065,6665
"926",1991-07-08,NA,6672
"927",1991-07-15,0.135,6679
"928",1991-07-22,0.07,6686
"929",1991-07-29,NA,6693
"930",1991-08-05,0.02,6700
"931",1991-08-12,0.105,6707
"932",1991-08-19,0.07,6714
"933",1991-08-26,0.095,6721
"934",1991-08-28,0.08,6723
"935",1991-09-03,0.08,6729
"936",1991-09-09,0.1,6735
"937",1991-09-17,0.09,6743
"938",1991-09-23,0.125,6749
"939",1991-09-30,0.16,6756
"940",1991-10-07,0.11,6763
"941",1991-10-14,0.09,6770
"942",1991-10-21,0.045,6777
"943",1991-10-28,0.05,6785
"944",1991-11-04,0.08,6792
"945",1991-11-18,0.03,6806
"946",1991-11-20,0.04,6808
"947",1991-11-25,0.02,6813
"948",1991-12-02,NA,6820
"949",1991-12-09,NA,6827
"950",1991-12-16,NA,6834
"951",1991-12-23,0.03,6841
"952",1991-12-30,NA,6848
"953",1992-01-06,NA,6855
"954",1992-01-13,NA,6862
"955",1992-01-21,NA,6870
"956",1992-01-27,0.005,6876
"957",1992-02-03,NA,6883
"958",1992-02-10,NA,6890
"959",1992-02-11,NA,6891
"960",1992-02-19,NA,6899
"961",1992-02-24,NA,6904
"962",1992-02-27,NA,6907
"963",1992-03-02,0.01,6911
"964",1992-03-09,NA,6918
"965",1992-03-11,NA,6920
"966",1992-03-16,NA,6925
"967",1992-03-23,NA,6932
"968",1992-03-26,NA,6935
"969",1992-03-30,NA,6939
"970",1992-04-06,NA,6945
"971",1992-04-07,NA,6946
"972",1992-04-13,NA,6952
"973",1992-04-20,NA,6959
"974",1992-04-21,NA,6960
"975",1992-04-27,NA,6966
"976",1992-05-04,NA,6973
"977",1992-05-05,NA,6974
"978",1992-05-11,NA,6980
"979",1992-05-18,NA,6987
"980",1992-05-19,NA,6988
"981",1992-05-26,NA,6995
"982",1992-06-01,NA,7001
"983",1992-06-02,NA,7002
"984",1992-06-08,NA,7008
"985",1992-06-15,NA,7015
"986",1992-06-16,NA,7016
"987",1992-06-22,NA,7022
"988",1992-06-29,0.15,7029
"989",1992-06-30,0.08,7030
"990",1992-07-06,NA,7036
"991",1992-07-08,NA,7038
"992",1992-07-13,0.12,7043
"993",1992-07-14,0.05,7044
"994",1992-07-21,0.15,7051
"995",1992-07-27,0.18,7057
"996",1992-07-28,0.12,7058
"997",1992-08-03,0.18,7064
"998",1992-08-11,0.24,7072
"999",1992-08-17,0.18,7078
"1000",1992-08-25,0.06,7086
"1001",1992-08-26,NA,7087
"1002",1992-08-31,NA,7092
"1003",1992-09-08,0.08,7100
"1004",1992-09-10,0.08,7102
"1005",1992-09-15,0.07,7107
"1006",1992-09-21,NA,7113
"1007",1992-09-22,NA,7114
"1008",1992-09-28,0.09,7120
"1009",1992-10-06,0.204285714285714,7128
"1010",1992-10-13,0.13,7135
"1011",1992-10-20,0.177142857142857,7142
"1012",1992-10-27,0.04,7150
"1013",1992-11-03,0.158571428571429,7157
"1014",1992-11-10,0.09,7164
"1015",1992-11-17,0.06,7171
"1016",1992-11-18,0.055,7172
"1017",1992-11-23,0.01,7177
"1018",1992-12-02,0.02,7186
"1019",1992-12-03,0.123333333333333,7187
"1020",1992-12-08,0.02,7192
"1021",1992-12-15,0.02,7199
"1022",1992-12-22,NA,7206
"1023",1992-12-29,NA,7213
"1024",1992-12-30,NA,7214
"1025",1993-01-06,NA,7221
"1026",1993-01-11,NA,7226
"1027",1993-01-13,NA,7228
"1028",1993-01-21,NA,7236
"1029",1993-01-27,NA,7242
"1030",1993-02-03,NA,7249
"1031",1993-02-08,NA,7254
"1032",1993-02-10,NA,7256
"1033",1993-02-18,0.101666666666667,7264
"1034",1993-02-23,NA,7269
"1035",1993-02-24,NA,7270
"1036",1993-03-03,0.01,7277
"1037",1993-03-08,0.0966666666666667,7282
"1038",1993-03-10,NA,7284
"1039",1993-03-17,0.05,7291
"1040",1993-03-23,0.0425,7297
"1041",1993-03-25,NA,7299
"1042",1993-03-30,NA,7304
"1043",1993-04-06,0.108333333333333,7310
"1044",1993-04-20,NA,7324
"1045",1993-05-04,0.085,7338
"1046",1993-05-18,NA,7352
"1047",1993-05-20,NA,7354
"1048",1993-06-01,0.04,7366
"1049",1993-06-02,0.105,7367
"1050",1993-06-15,NA,7380
"1051",1993-06-26,NA,7391
"1052",1993-06-29,NA,7394
"1053",1993-07-13,NA,7408
"1054",1993-07-27,NA,7422
"1055",1993-08-10,NA,7436
"1056",1993-08-17,NA,7443
"1057",1993-08-24,0.01,7450
"1058",1993-09-07,0.01,7464
"1059",1993-09-21,0.09,7478
"1060",1993-10-05,0.17,7492
"1061",1993-10-19,0.17,7506
"1062",1993-11-02,0.23,7521
"1063",1993-11-16,0.075,7535
"1064",1993-12-01,0.005,7550
"1065",1993-12-14,0.028,7563
"1066",1993-12-28,NA,7577
"1067",1994-01-11,NA,7591
"1068",1994-01-19,NA,7599
"1069",1994-01-25,0.02,7605
"1070",1994-02-08,NA,7619
"1071",1994-02-15,NA,7626
"1072",1994-02-22,0.03,7633
"1073",1994-03-08,0.03,7647
"1074",1994-03-15,NA,7654
"1075",1994-03-22,NA,7661
"1076",1994-04-05,NA,7674
"1077",1994-04-12,NA,7681
"1078",1994-04-19,NA,7688
"1079",1994-05-03,NA,7702
"1080",1994-05-17,NA,7716
"1081",1994-05-31,NA,7730
"1082",1994-06-14,0.0025,7744
"1083",1994-06-28,0.0175,7758
"1084",1994-07-12,0.101,7772
"1085",1994-07-19,0.075,7779
"1086",1994-07-26,0.083,7786
"1087",1994-08-03,NA,7794
"1088",1994-08-09,0.01,7800
"1089",1994-08-23,0.072,7814
"1090",1994-09-20,0.054,7842
"1091",1994-10-04,0.057,7856
"1092",1994-10-18,0.036,7870
"1093",1994-11-01,0.052,7885
"1094",1994-11-15,0.063,7899
"1095",1994-11-29,NA,7913
"1096",1994-12-13,0.038,7927
"1097",1994-12-27,0.022,7941
"1098",1995-01-10,0.067,7955
"1099",1995-01-24,0.022,7969
"1100",1995-02-21,NA,7997
"1101",1995-03-07,0.03,8011
"1102",1995-03-21,0.043,8025
"1103",1995-04-04,0.081,8038
"1104",1995-04-18,NA,8052
"1105",1995-05-02,0.015,8066
"1106",1995-05-16,NA,8080
"1107",1995-05-30,NA,8094
"1108",1995-06-13,NA,8108
"1109",1995-06-27,NA,8122
"1110",1995-07-11,0.02,8136
"1111",1995-07-25,0.02,8150
"1112",1995-08-08,NA,8164
"1113",1995-08-22,0.051,8178
"1114",1995-09-05,0.029,8192
"1115",1995-09-19,0.027,8206
"1116",1995-10-03,0.11,8220
"1117",1995-10-17,0.064,8234
"1118",1995-10-31,0.045,8249
"1119",1995-11-14,0.049,8263
"1120",1995-11-28,0.067,8277
"1121",1995-12-12,0.081,8291
"1122",1995-12-26,0.045,8305
"1123",1996-01-09,0.061,8319
"1124",1996-01-23,0.044,8333
"1125",1996-02-06,0.04525,8347
"1126",1996-02-20,0.04075,8361
"1127",1996-03-05,0.57925,8375
"1128",1996-03-19,0.579,8389
"1129",1996-04-02,0.1565,8403
"1130",1996-04-16,0.0905,8416
"1131",1996-04-30,0.0362,8430
"1132",1996-05-14,0.03275,8444
"1133",1996-05-20,0.044,8450
"1134",1996-05-28,NA,8458
"1135",1996-06-11,0.00075,8472
"1136",1996-06-25,0.01375,8486
"1137",1996-07-09,0.061,8500
"1138",1996-07-23,0.0035,8514
"1139",1996-08-06,0.052,8528
"1140",1996-08-20,0.0665,8542
"1141",1996-09-03,0.0375,8556
"1142",1996-09-17,0.059,8570
"1143",1996-10-01,0.076,8584
"1144",1996-10-15,0.0635,8598
"1145",1996-10-29,0.0355,8613
"1146",1996-11-04,0.098,8619
"1147",1996-11-12,0.0406,8627
"1148",1996-11-26,0.0098,8641
"1149",1996-12-10,0.017,8655
"1150",1996-12-26,6e-04,8671
"1151",1997-01-07,NA,8683
"1152",1997-01-21,0.0436,8697
"1153",1997-02-05,0.014,8712
"1154",1997-02-18,0.0232,8725
"1155",1997-02-24,0.013,8731
"1156",1997-03-04,NA,8739
"1157",1997-03-18,0.058,8753
"1158",1997-04-01,0.0015,8767
"1159",1997-04-15,0.069,8780
"1160",1997-04-29,0.038,8794
"1161",1997-05-13,0.033,8808
"1162",1997-05-19,NA,8814
"1163",1997-05-27,0.028,8822
"1164",1997-06-10,0.028,8836
"1165",1997-06-24,0.007,8850
"1166",1997-07-08,NA,8864
"1167",1997-07-22,0.027,8878
"1168",1997-08-05,0.354,8892
"1169",1997-08-19,0.07,8906
"1170",1997-08-28,0.017,8915
"1171",1997-09-02,0.026,8920
"1172",1997-09-16,0.184,8934
"1173",1997-09-30,0.229,8948
"1174",1997-10-14,0.156,8962
"1175",1997-10-28,0.165,8977
"1176",1997-11-12,0.101,8992
"1177",1997-11-17,0.047,8997
"1178",1997-11-25,0.046,9005
"1179",1997-12-09,0.079,9019
"1180",1997-12-23,0.028,9033
"1181",1998-01-06,0.035,9047
"1182",1998-01-20,0.025,9061
"1183",1998-02-03,0.049,9075
"1184",1998-02-17,0.061,9089
"1185",1998-02-18,0.053,9090
"1186",1998-03-03,0.018,9103
"1187",1998-03-17,NA,9117
"1188",1998-03-31,0.022,9131
"1189",1998-04-14,0.012,9144
"1190",1998-04-28,0.076,9158
"1191",1998-05-12,0.053,9172
"1192",1998-05-18,0.095,9178
"1193",1998-05-26,0.072,9186
"1194",1998-06-09,0.088,9200
"1195",1998-06-23,0.024,9214
"1196",1998-07-07,0.077,9228
"1197",1998-07-21,0.057,9242
"1198",1998-08-04,0.011,9256
"1199",1998-08-18,0.121,9270
"1200",1998-08-24,0.112,9276
"1201",1998-09-01,0.125,9284
"1202",1998-09-10,NA,9293
"1203",1998-09-15,0.192,9298
"1204",1998-09-29,0.079,9312
"1205",1998-10-13,0.142,9326
"1206",1998-10-27,0.18,9341
"1207",1998-11-09,0.112,9354
"1208",1998-11-24,0.12,9369
"1209",1998-12-08,0.123,9383
"1210",1998-12-22,0.091,9397
"1211",1999-01-05,NA,9411
"1212",1999-01-19,0.022,9425
"1213",1999-01-25,0.014,9431
"1214",1999-02-02,0.018,9439
"1215",1999-02-16,0.018,9453
"1216",1999-03-02,0.0175,9467
"1217",1999-03-16,0.0172,9481
"1218",1999-03-30,0.027,9495
"1219",1999-04-13,NA,9508
"1220",1999-04-19,0.033,9514
"1221",1999-04-27,0.052,9522
"1222",1999-05-11,0.013,9536
"1223",1999-05-25,NA,9550
"1224",1999-06-08,0.011,9564
"1225",1999-06-22,NA,9578
"1226",1999-07-06,0.0815,9592
"1227",1999-07-20,0.073,9606
"1228",1999-07-26,0.11,9612
"1229",1999-08-03,0.053,9620
"1230",1999-08-17,0.232,9634
"1231",1999-08-31,NA,9648
"1232",1999-09-16,0.075,9664
"1233",1999-09-28,0.0525,9676
"1234",1999-10-12,0.087,9690
"1235",1999-10-18,0.032,9696
"1236",1999-10-26,0.034,9704
"1237",1999-11-09,0.086,9719
"1238",1999-11-23,0.082,9733
"1239",1999-12-07,0.0065,9747
"1240",1999-12-21,0.0125,9761
"1241",2000-01-04,0.0154,9775
"1242",2000-01-18,0.0185,9789
"1243",2000-01-24,0.036,9795
"1244",2000-02-01,0.025,9803
"1245",2000-02-15,0.01,9817
"1246",2000-02-29,NA,9831
"1247",2000-03-14,0.036,9845
"1248",2000-03-28,0.019,9859
"1249",2000-04-11,0.009,9872
"1250",2000-04-17,NA,9878
"1251",2000-04-24,NA,9885
"1252",2000-05-09,0.102,9900
"1253",2000-05-23,NA,9914
"1254",2000-06-06,NA,9928
"1255",2000-06-20,0.032,9942
"1256",2000-07-05,0.009,9957
"1257",2000-07-18,NA,9970
"1258",2000-07-25,NA,9977
"1259",2000-08-01,0.0168,9984
"1260",2000-08-15,0.009,9998
"1261",2000-08-29,0.014,10012
"1262",2000-09-12,0.028,10026
"1263",2000-09-26,0.211,10040
"1264",2000-10-10,0.0995,10054
"1265",2000-10-16,0.055,10060
"1266",2000-10-24,0.04,10068
"1267",2000-11-07,0.033,10083
"1268",2000-11-21,0.047,10097
"1269",2000-12-05,0.018,10111
"1270",2000-12-19,0.013,10125
"1271",2001-01-02,0.0075,10139
"1272",2001-01-16,0.012,10153
"1273",2001-01-22,0.019,10159
"1274",2001-01-30,0.02,10167
"1275",2001-02-13,0.027,10181
"1276",2001-02-27,0.018,10195
"1277",2001-03-13,0.019,10209
"1278",2001-03-27,0.013,10223
"1279",2001-04-10,0.019,10236
"1280",2001-04-16,0.0025,10242
"1281",2001-04-24,0.0035,10250
"1282",2001-05-08,0.0055,10264
"1283",2001-05-22,0.01,10278
"1284",2001-06-05,0.039,10292
"1285",2001-06-19,0.01,10306
"1286",2001-07-03,0.0186,10320
"1287",2001-07-16,0.076,10333
"1288",2001-07-17,0.064,10334
"1289",2001-07-31,0.149,10348
"1290",2001-08-14,0.044,10362
"1291",2001-08-28,0.032,10376
"1292",2001-09-11,0.0756,10390
"1293",2001-09-25,0.043,10404
"1294",2001-10-08,0.068,10417
"1295",2001-10-09,0.072,10418
"1296",2001-11-06,0.0355,10447
"1297",2001-11-20,0.03,10461
"1298",2001-12-04,0.044,10475
"1299",2001-12-18,0.039,10489
"1300",2002-01-02,0.0125,10504
"1301",2002-01-15,0.009,10517
"1302",2002-01-29,0.0195,10531
"1303",2002-02-12,0.0115,10545
"1304",2002-02-26,0.029,10559
"1305",2002-03-12,0.046,10573
"1306",2002-03-18,0.0125,10579
"1307",2002-03-26,0.041,10587
"1308",2002-04-09,0.0275,10600
"1309",2002-04-23,NA,10614
"1310",2002-05-07,NA,10628
"1311",2002-05-21,NA,10642
"1312",2002-06-04,NA,10656
"1313",2002-06-18,NA,10670
"1314",2002-06-24,0.016,10676
"1315",2002-07-02,0.184,10684
"1316",2002-07-16,0.01,10698
"1317",2002-07-30,0.023,10712
"1318",2002-08-13,0.113,10726
"1319",2002-08-27,0.0365,10740
"1320",2002-09-10,0.033,10754
"1321",2002-09-16,0.0815,10760
"1322",2002-09-24,0.0325,10768
"1323",2002-10-08,0.063,10782
"1324",2002-10-22,0.107,10796
"1325",2002-11-05,0.113,10811
"1326",2002-11-19,0.11,10825
"1327",2002-12-03,0.048,10839
"1328",2002-12-17,0.0208,10853
"1329",2002-12-30,0.064,10866
"1330",2002-12-31,0.025,10867
"1331",2003-01-14,0.039,10881
"1332",2003-01-28,0.042,10895
"1333",2003-02-11,0.075,10909
"1334",2003-02-25,0.092,10923
"1335",2003-03-11,0.046,10937
"1336",2003-03-24,0.107,10950
"1337",2003-03-25,0.084,10951
"1338",2003-04-08,0.021,10964
"1339",2003-04-22,0.013,10978
"1340",2003-05-06,0.008,10992
"1341",2003-05-20,0.05,11006
"1342",2003-06-03,0.0065,11020
"1343",2003-06-16,0.0155,11033
"1344",2003-06-17,0,11034
"1345",2003-07-01,0.039,11048
"1346",2003-07-15,0.012,11062
"1347",2003-07-29,0.017,11076
"1348",2003-08-12,0.06,11090
"1349",2003-08-26,0.043,11104
"1350",2003-09-09,0.015,11118
"1351",2003-09-15,0.029,11124
"1352",2003-09-23,0.102,11132
"1353",2003-10-07,0.0375,11146
"1354",2003-10-21,0.128,11160
"1355",2003-11-04,0.098,11175
"1356",2003-11-18,0.035,11189
"1357",2003-12-02,0.04,11203
"1358",2003-12-15,NA,11216
"1359",2003-12-16,0.022,11217
"1360",2003-12-30,0.007,11231
"1361",2004-01-13,0.038,11245
"1362",2004-01-27,0.038,11259
"1363",2004-02-10,0.0245,11273
"1364",2004-02-24,0.026,11287
"1365",2004-03-09,0.011,11301
"1366",2004-03-15,0.049,11307
"1367",2004-03-23,0.029,11315
"1368",2004-04-06,0.021,11328
"1369",2004-04-20,0.085,11342
"1370",2004-05-04,0.007,11356
"1371",2004-05-17,0.0125,11369
"1372",2004-05-18,0.022,11370
"1373",2004-06-08,0.04,11391
"1374",2004-06-22,NA,11405
"1375",2004-07-06,NA,11419
"1376",2004-07-20,0.005,11433
"1377",2004-08-03,0.037,11447
"1378",2004-08-17,0.078,11461
"1379",2004-08-23,0.0805,11467
"1380",2004-08-31,0.228,11475
"1381",2004-09-14,0.031,11489
"1382",2004-09-29,0.108,11504
"1383",2004-10-12,0.075,11517
"1384",2004-10-26,0.0143333333333333,11531
"1385",2004-11-09,NA,11546
"1386",2004-11-22,0.09,11559
"1387",2004-12-07,0.051,11574
"1388",2004-12-21,0.021,11588
"1389",2005-01-04,0.07,11602
"1390",2005-01-18,0.039,11616
"1391",2005-02-01,0.038,11630
"1392",2005-02-03,0.022,11632
"1393",2005-02-14,0.018,11643
"1394",2005-02-15,0.014,11644
"1395",2005-03-01,0.024,11658
"1396",2005-03-15,0.017,11672
"1397",2005-03-29,0.023,11686
"1398",2005-04-12,0.017,11699
"1399",2005-04-26,0.018,11713
"1400",2005-05-10,0.072,11727
"1401",2005-05-16,0.0135,11733
"1402",2005-05-24,0.027,11741
"1403",2005-06-07,0.00466666666666667,11755
"1404",2005-06-21,0.061,11769
"1405",2005-07-05,0.0085,11783
"1406",2005-07-19,0.005,11797
"1407",2005-08-02,0.0235,11811
"1408",2005-08-16,0.052,11825
"1409",2005-08-22,0.042,11831
"1410",2005-08-30,0.046,11839
"1411",2005-09-12,0.015,11852
"1412",2005-10-11,0.042,11881
"1413",2005-11-08,0.0075,11910
"1414",2005-11-14,0.03,11916
"1415",2005-11-16,0.031,11918
"1416",2005-12-06,0.044,11938
"1417",2005-12-20,0.036,11952
"1418",2006-01-03,0.018,11966
"1419",2006-01-17,0.033,11980
"1420",2006-01-30,0.046,11993
"1421",2006-02-13,0.0235,12007
"1422",2006-02-21,NA,12015
"1423",2006-02-28,0.033,12022
"1424",2006-03-13,0.021,12035
"1425",2006-03-28,0.044,12050
"1426",2006-04-11,0.031,12063
"1427",2006-04-24,0.027,12076
"1428",2006-05-08,0.015,12090
"1429",2006-05-22,0.025,12104
"1430",2006-05-23,NA,12105
"1431",2006-06-06,NA,12119
"1432",2006-06-19,0.0095,12132
"1433",2006-07-18,0.009,12161
"1434",2006-07-31,0.0175,12174
"1435",2006-08-14,NA,12188
"1436",2006-08-21,0.036,12195
"1437",2006-08-31,0.066,12205
"1438",2006-09-11,0.044,12216
"1439",2006-09-25,0.358,12230
"1440",2006-10-10,0.438,12245
"1441",2006-10-24,0.541,12259
"1442",2006-11-07,0.024,12274
"1443",2006-11-21,0.023,12288
"1444",2006-11-27,0.02,12294
"1445",2006-12-05,0.0115,12302
"1446",2006-12-19,0.029,12316
"1447",2007-01-02,5e-04,12330
"1448",2007-01-16,0.022,12344
"1449",2007-01-30,0.02,12358
"1450",2007-02-13,0.018,12372
"1451",2007-02-26,0.018,12385
"1452",2007-02-27,0.015,12386
"1453",2007-03-13,0.019,12399
"1454",2007-03-27,0.009,12413
"1455",2007-04-10,0.028,12427
"1456",2007-04-24,0.018,12441
"1457",2007-05-08,0.011,12455
"1458",2007-05-21,0.023,12468
"1459",2007-05-22,0.025,12469
"1460",2007-06-05,0.0102,12483
"1461",2007-06-19,0.046,12497
"1462",2007-07-02,0.032,12510
"1463",2007-07-17,0.046,12525
"1464",2007-08-06,0.077,12545
"1465",2007-08-20,0.19875,12559
"1466",2007-08-21,0.301,12560
"1467",2007-09-04,0.1405,12574
"1468",2007-09-17,0.067,12587
"1469",2007-10-01,0.054,12601
"1470",2007-10-15,0.0275,12615
"1471",2007-10-29,0.04,12629
"1472",2007-11-05,0.027,12637
"1473",2007-11-20,0.036,12652
"1474",2007-11-26,0.026,12658
"1475",2007-12-03,0.0186,12665
"1476",2007-12-18,0.035,12680
"1477",2008-01-17,0.036,12710
"1478",2008-01-29,0.0065,12722
"1479",2008-02-04,0.019,12728
"1480",2008-02-19,0.018,12743
"1481",2008-02-20,0.014,12744
"1482",2008-03-03,0.0086,12756
"1483",2008-03-17,0.004,12769
"1484",2008-04-07,0.025,12790
"1485",2008-04-21,0.023,12804
"1486",2008-05-06,0.014,12819
"1487",2008-05-19,0.001,12832
"1488",2008-05-28,0.063,12841
"1489",2008-06-03,0.0024,12847
"1490",2008-06-17,0.012,12861
"1491",2008-07-01,0.0035,12875
"1492",2008-07-16,0.1315,12890
"1493",2008-08-06,0.167,12911
"1494",2008-08-26,0.079,12931
"1495",2008-08-28,0.07,12933
"1496",2008-09-08,0.0636,12944
"1497",2008-09-22,0.162,12958
"1498",2008-10-06,0.0315,12972
"1499",2008-10-20,0.007,12986
"1500",2008-11-13,0.012,13011
"1501",2008-11-19,0.021,13017
"1502",2008-11-24,0.025,13022
"1503",2008-12-10,0.0095,13038
"1504",2008-12-23,0.007,13051
"1505",2009-01-14,0.0125,13073
"1506",2009-01-27,0.019,13086
"1507",2009-02-02,0.031,13092
"1508",2009-02-17,0.018,13107
"1509",2009-02-18,0.019,13108
"1510",2009-03-03,0.0074,13121
"1511",2009-03-17,0.009,13134
"1512",2009-03-31,0.0115,13148
"1513",2009-04-14,0.0145,13162
"1514",2009-04-29,0.027,13177
"1515",2009-05-13,0.0035,13191
"1516",2009-05-20,0.019,13198
"1517",2009-05-27,0.03,13205
"1518",2009-06-02,0.0265,13211
"1519",2009-06-16,0.0126666666666667,13225
"1520",2009-07-07,0.056,13246
"1521",2009-07-20,0.141,13259
"1522",2009-08-04,0.07,13274
"1523",2009-08-18,0.062,13288
"1524",2009-08-26,0.159,13296
"1525",2009-09-08,0.042,13309
"1526",2009-09-22,0.0412,13323
"1527",2009-10-07,0.0505,13338
"1528",2009-10-21,0.024,13352
"1529",2009-11-09,0.022,13372
"1530",2009-11-18,0.01,13381
"1531",2009-11-30,0.008,13393
"1532",2009-12-16,0.011,13409
"1533",2009-12-28,0.009,13421
"1534",2010-01-11,0.034,13435
"1535",2010-01-25,0.078,13449
"1536",2010-02-08,0.106,13463
"1537",2010-02-17,0.071,13472
"1538",2010-02-24,0.02,13479
"1539",2010-03-15,0.0506,13497
"1540",2010-03-29,0.08,13511
"1541",2010-04-12,0.0325,13525
"1542",2010-04-26,0.05,13539
"1543",2010-05-10,0.0205,13553
"1544",2010-05-24,0.043,13567
"1545",2010-05-26,0.028,13569
"1546",2010-06-07,0.02225,13581
"1547",2010-06-21,0.059,13595
"1548",2010-07-08,0.03,13612
"1549",2010-07-19,0.188,13623
"1550",2010-08-02,0.13,13637
"1551",2010-08-16,0.163,13651
"1552",2010-08-18,0.113,13653
"1553",2010-09-14,0.0966666666666667,13680
"1554",2010-09-27,0.159,13693
"1555",2010-10-11,0.036,13707
"1556",2010-10-26,0.019,13722
"1557",2010-11-09,0.048,13737
"1558",2010-11-17,0.016,13745
"1559",2010-11-29,0.027,13757
"1560",2010-12-09,0.013,13767
"1561",2010-12-22,0.015,13780
"1562",2011-01-10,0.051,13799
"1563",2011-01-24,0.037,13813
"1564",2011-02-07,0.006,13827
"1565",2011-02-17,0.031,13837
"1566",2011-02-23,0.01,13843
"1567",2011-03-09,0.0273333333333333,13857
"1568",2011-03-23,0.015,13870
"1569",2011-04-13,0.015,13891
"1570",2011-04-27,0.005,13905
"1571",2011-05-11,0.01,13919
"1572",2011-05-18,0.005,13926
"1573",2011-05-25,0.008,13933
"1574",2011-06-08,0.006,13947
"1575",2011-06-20,NA,13959
"1576",2011-07-06,0.008,13975
"1577",2011-07-20,0.202,13989
"1578",2011-08-03,0.217,14003
"1579",2011-08-17,0.308,14017
"1580",2011-08-24,0.216,14024
"1581",2011-08-31,0.165,14031
"1582",2011-09-14,0.0463333333333333,14045
"1583",2011-09-28,0.206,14059
"1584",2011-10-12,0.086,14073
"1585",2011-10-26,0.032,14087
"1586",2011-11-07,0.07,14100
"1587",2011-11-16,0.064,14109
"1588",2011-11-22,0.086,14115
"1589",2011-12-07,0.055,14130
"1590",2011-12-21,0.037,14144
"1591",2012-01-04,0.039,14158
"1592",2012-01-18,0.054,14172
"1593",2012-02-01,0.064,14186
"1594",2012-02-15,0.03,14200
"1595",2012-02-22,0.017,14207
"1596",2012-02-29,0.045,14214
"1597",2012-03-14,0.027,14227
"1598",2012-03-28,0.071,14241
"1599",2012-04-11,0.034,14255
"1600",2012-04-25,0.015,14269
"1601",2012-05-09,0.011,14283
"1602",2012-05-16,0.01,14290
"1603",2012-05-23,0.015,14297
"1604",2012-06-06,0.01,14311
"1605",2012-06-20,0.019,14325
"1606",2012-07-11,0.15,14346
"1607",2012-07-25,0.2,14360
"1608",2012-08-08,0.0895,14374
"1609",2012-08-22,0.096,14388
"1610",2012-09-05,0.102,14402
"1611",2012-09-19,0.144,14416
"1612",2012-10-03,0.106,14430
"1613",2012-10-17,0.105,14444
"1614",2012-10-31,0.251,14458
"1615",2012-11-14,0.13,14473
"1616",2012-11-28,0.067,14487
"1617",2012-12-05,0.052,14494
"1618",2012-12-19,0.104,14508
"1619",2013-01-02,0.088,14522
"1620",2013-01-16,0.024,14536
"1621",2013-01-30,0.036,14550
"1622",2013-02-06,0.032,14557
"1623",2013-02-13,0.017,14564
"1624",2013-02-27,0.013,14578
"1625",2013-03-13,0.041,14591
"1626",2013-03-27,0.011,14605
"1627",2013-04-10,0.02,14619
"1628",2013-04-24,0.01,14633
"1629",2013-05-08,0.0105,14647
"1630",2013-05-22,0.009,14661
"1631",2013-06-05,0.011,14675
"1632",2013-06-19,0.157,14689
"1633",2013-07-02,0.129,14702
"1634",2013-07-17,0.092,14717
"1635",2013-07-31,0.073,14731
"1636",2013-08-07,0.065,14738
"1637",2013-08-14,0.066,14745
"1638",2013-08-28,0.128,14759
"1639",2013-09-11,0.11,14773
"1640",2013-09-25,0.152,14787
"1641",2013-10-09,0.113,14801
"1642",2013-10-23,0.084,14815
"1643",2013-11-04,0.042,14828
"1644",2013-11-06,0.022,14830
"1645",2013-11-20,0.018,14844
"1646",2013-12-04,0.032,14858
"1647",2013-12-18,0.033,14872
"1648",2013-12-30,0.021,14884
"1649",2014-01-15,0.014,14900
"1650",2014-01-29,0.006,14914
"1651",2014-02-03,0.022,14919
"1652",2014-02-12,0.02,14928
"1653",2014-02-26,0.019,14942
"1654",2014-03-12,0.038,14955
"1655",2014-03-26,0.064,14969
"1656",2014-04-09,0.023,14983
"1657",2014-04-23,0.015,14997
"1658",2014-05-05,0.015,15009
"1659",2014-05-07,0.014,15011
"1660",2014-05-21,0.008,15025
"1661",2014-06-04,0.036,15039
"1662",2014-06-18,0.077,15053
"1663",2014-07-01,0.208,15066
"1664",2014-07-16,0.155,15081
"1665",2014-07-30,0.113,15095
"1666",2014-08-13,0.108,15109
"1667",2014-08-18,0.1,15114
"1668",2014-08-27,0.122,15123
"1669",2014-09-10,0.293,15137
"1670",2014-09-24,0.214,15151
"1671",2014-10-08,0.054,15165
"1672",2014-10-22,0.187,15179
"1673",2014-11-03,0.032,15192
"1674",2014-11-05,0.027,15194
"1675",2014-11-19,0.063,15208
"1676",2014-12-03,0.048,15222
"1677",2014-12-17,0.037,15236
"1678",2014-12-30,0.035,15249
"1679",2015-01-14,0.057,15264
"1680",2015-01-28,0.037,15278
"1681",2015-02-02,0.016,15283
"1682",2015-02-11,0.025,15292
"1683",2015-02-25,0.025,15306
"1684",2015-03-11,0.036,15319
"1685",2015-03-25,0.09,15333
"1686",2015-04-08,0.057,15347
"1687",2015-04-22,0.076,15361
"1688",2015-05-04,0.03,15373
"1689",2015-05-06,0.019,15375
"1690",2015-05-20,0.031,15389
"1691",2015-06-03,0.087,15403
"1692",2015-06-17,0.013,15417
"1693",2015-07-01,0.036,15431
"1694",2015-07-15,0.016,15445
"1695",2015-07-29,0.124,15459
"1696",2015-08-03,0.096,15464
"1697",2015-08-12,0.0556666666666667,15473
"1698",2015-08-26,0.063,15487
"1699",2015-09-09,0.064,15501
"1700",2015-09-23,0.058,15515
"1701",2015-10-07,0.107,15529
"1702",2015-10-21,0.103,15543
"1703",2015-10-26,0.056,15548
"1704",2015-11-04,0.044,15558
"1705",2015-11-18,0.134,15572
"1706",2015-12-02,0.042,15586
"1707",2015-12-21,0.108,15605
"1708",2016-01-04,0.048,15619
"1709",2016-01-20,0.078,15635
"1710",2016-02-01,0.071,15647
"1711",2016-02-15,0.027,15661
"1712",2016-02-29,0.045,15675
"1713",2016-03-14,0.044,15688
"1714",2016-03-28,0.077,15702
"1715",2016-04-11,0.033,15716
"1716",2016-04-25,0.023,15730
"1717",2016-05-09,0.052,15744
"1718",2016-05-23,0.065,15758
"1719",2016-06-06,0.08,15772
"1720",2016-06-20,0.118,15786
"1721",2016-07-06,0.05,15802
"1722",2016-07-18,0.199,15814
"1723",2016-08-01,0.067,15828
"1724",2016-08-15,0.061,15842
"1725",2016-08-29,0.159,15856
"1726",2016-09-12,0.106,15870
"1727",2016-09-26,0.08,15884
"1728",2016-10-10,0.106,15898
"1729",2016-10-24,0.088,15912
"1730",2016-11-07,0.142,15927
"1731",2016-11-21,0.078,15941
"1732",2016-12-19,0.056,15969
"1733",2017-01-09,0.062,15990
"1734",2017-01-23,0.018,16004
"1735",2017-02-06,0.009,16018
"1736",2017-02-20,0.014,16032
"1737",2017-03-06,0.015,16046
"1738",2017-03-13,0.015,16052
"1739",2017-03-20,0.014,16059
"1740",2017-04-17,0.128,16087
"1741",2017-04-24,0.043,16094
"1742",2017-05-01,0.062,16101
"1743",2017-05-08,0.01,16108
"1744",2017-06-05,0.02,16136
"1745",2017-06-12,0.009,16143
"1746",2017-06-19,0.267,16150
"1747",2017-07-05,0.291,16166
"1748",2017-07-17,0.179,16178
"1749",2017-08-01,0.211,16193
"1750",2017-08-14,0.072,16206
"1751",2017-08-28,0.097,16220
"1752",2017-09-13,0.068,16236
"1753",2017-09-25,0.09,16248
"1754",2017-10-09,0.131,16262
"1755",2017-10-23,0.11,16276
"1756",2017-11-06,0.08,16291
"1757",2017-11-20,0.118,16305
"1758",2017-12-04,0.114,16319
"1759",2017-12-18,0.075,16333
"1760",2018-01-16,0.073,16362
"1761",2018-02-12,0.098,16389
"1762",2018-03-12,0.018,16416
"1763",2018-03-26,0.015,16430
"1764",2018-04-09,0.01,16444
"1765",2018-04-23,0.018,16458
"1766",2018-05-07,0.012,16472
"1767",2018-05-21,0.087,16486
"1768",2018-06-04,0.052,16500
"1769",2018-06-18,0.12,16514
"1770",2018-07-02,0.156,16528
"1771",2018-07-16,0.056,16542
"1772",2018-07-30,0.076,16556
"1773",2018-08-06,0.024,16563
"1774",2018-08-20,0.13,16577
"1775",2018-09-04,0.126,16592
"1776",2018-09-17,0.124,16605
"1777",2018-10-01,0.111,16619
"1778",2018-10-04,0.04,16622
"1779",2018-10-15,0.093,16633
"1780",2018-10-29,0.109,16647
"1781",2018-11-13,0.044,16663
"1782",2018-11-26,0.0286666666666667,16676
"1783",2018-12-11,0.037,16691
"1784",2018-12-26,0.034,16706
"1785",2019-01-07,0.029,16718
"1786",2019-01-22,0.02,16733
"1787",2019-02-04,0.013,16746
"1788",2019-02-18,0.08,16760
"1789",2019-03-04,0.121666666666667,16774
"1790",2019-03-06,0.143,16776
"1791",2019-03-18,0.053,16787
"1792",2019-04-08,0.069,16808
"1793",2019-04-22,0.053,16822
"1794",2019-05-06,0.012,16836
"1795",2019-05-20,0.007,16850
"1796",2019-06-03,0.012,16864
"1797",2019-06-17,0.094,16878
"1798",2019-06-20,0.127,16881
"1799",2019-07-01,0.366,16892
"1800",2019-07-15,0.311,16906
"1801",2019-07-29,0.02,16920
"1802",2019-08-12,0.154,16934
"1803",2019-08-26,0.497,16948
"1804",2019-09-09,0.108,16962
"1805",2019-09-23,0.054,16976
"1806",2019-10-08,0.262,16991
"1807",2019-10-21,0.062,17004
"1808",2019-11-04,0.029,17019
"1809",2019-11-18,0.029,17033
"1810",2019-12-02,0.028,17047
"1811",2019-12-16,0.06,17061
"1812",2019-12-30,0.023,17075
"1813",2020-01-13,0.036,17089
"1814",2020-01-27,0.036,17103
"1815",2020-02-10,0.018,17117
"1816",2020-02-24,0.064,17131
"1817",2020-03-09,0.026,17144
"1818",2020-03-23,0.013,17158
"1819",2020-04-06,0.016,17172
"1820",2020-04-20,0.01,17186
"1821",2020-05-04,0.008,17200
"1822",2020-05-18,0.009,17214
"1823",2020-06-01,0.009,17228
"1824",2020-06-15,0.24,17242
"1825",2020-06-29,0.072,17256
"1826",2020-07-13,0.132,17270
"1827",2020-07-27,0.078,17284
"1828",2020-08-10,0.077,17298
"1829",2020-08-24,0.094,17312
"1830",2020-09-08,0.091,17327
"1831",2020-09-21,0.082,17340
"1832",2020-10-05,0.064,17354
"1833",2020-10-19,0.107,17368
"1834",2020-11-02,0.215,17383
"1835",2020-11-16,0.13,17397
"1836",2020-11-30,0.04,17411
"1837",2020-12-14,0.009,17425
"1838",2020-12-28,0.04,17439
"1839",2021-01-11,0.021,17453
"1840",2021-01-25,0.017,17467
"1841",2021-02-08,0.006,17481
"1842",2021-02-22,0.09,17495
"1843",2021-03-08,0.056,17509
"1844",2021-03-22,0.083,17522
"1845",2021-04-05,0.063,17536
"1846",2021-04-19,0.005,17550
"1847",2021-05-03,0.013,17564
"1848",2021-05-17,0.034,17578
"1849",2021-06-01,0.007,17593
"1850",2021-06-14,0.007,17606
"1851",2021-06-28,0.054,17620
"1852",2021-07-12,0.097,17634
"1853",2021-07-26,0.028,17648
"1854",2021-08-09,0.087,17662
"1855",2021-08-23,0.115,17676
"1856",2021-09-07,0.02,17691
"1857",2021-09-20,0.104,17704
"1858",2021-10-04,0.103,17718
"1859",2021-10-18,0.118,17732
"1860",2021-11-01,0.093,17746
"1861",2021-11-15,0.086,17761
"1862",2021-11-29,0.246,17775
"1863",2021-12-13,0.02,17789
"1864",2021-12-27,0.018,17803
"1865",2022-01-10,0.115,17817
"1866",2022-01-24,0.038,17831
"1867",2022-02-07,0.012,17845
"1868",2022-02-21,0.016,17859
"1869",2022-03-07,0.077,17873
"1870",2022-03-21,0.009,17886
"1871",2022-04-04,0.017,17900
"1872",2022-04-18,NA,17914
"1873",2022-05-02,0.068,17928
"1874",2022-05-16,0.005,17942
"1875",2022-05-31,NA,17957
"1876",2022-06-13,0.006,17970
"1877",2022-06-27,0.011,17984
"1878",2022-07-11,0.026,17998
"1879",2022-07-25,0.03,18012
"1880",2022-08-08,0.069,18026
"1881",2022-08-22,0.251,18040
"1882",2022-09-06,0.111,18055
"1883",2022-09-19,0.129,18068
"1884",2022-10-03,0.021,18082
"1885",2022-10-17,0.078,18096
"1886",2022-10-31,0.09,18110
"1887",2022-11-14,0.118,18125
"1888",2022-11-28,0.085,18139
"1889",2022-12-12,0.094,18153
"1890",2022-12-27,0.08,18168
"1891",2023-01-09,0.065,18181
"1892",2023-01-23,0.046,18195
"1893",2023-02-06,0.069,18209
"1894",2023-02-20,0.034,18223
"1895",2023-03-06,0.031,18237
"1896",2023-03-20,0.023,18250
"1897",2023-04-03,0.016,18264
"1898",2023-04-17,0.016,18278
"1899",2023-05-01,0.011,18292
