"","date","S4_AMMONIA-N_mg/L","days"
"1",1976-03-08,0.13,8
"2",1976-03-23,0.04,23
"3",1976-04-05,0.07,36
"4",1976-04-19,NA,50
"5",1976-05-03,0.01,63
"6",1976-05-17,0.12,77
"7",1976-06-01,0.23,92
"8",1976-06-14,0.08,105
"9",1976-06-28,0.02,119
"10",1976-07-12,0.13,133
"11",1976-07-26,0.03,147
"12",1976-08-09,0.07,161
"13",1976-08-23,0.53,175
"14",1976-09-07,0.14,190
"15",1976-09-20,0.44,203
"16",1976-10-04,0.35,217
"17",1976-10-18,0.25,231
"18",1976-11-01,0.11,246
"19",1976-11-15,0.18,260
"20",1976-11-29,NA,274
"21",1976-12-27,0.14,302
"22",1977-01-10,0.05,316
"23",1977-01-24,0.23,330
"24",1977-02-07,0.13,344
"25",1977-02-23,0.04,360
"26",1977-03-07,0.19,372
"27",1977-03-21,0.11,386
"28",1977-04-04,0.02,400
"29",1977-04-19,0.02,415
"30",1977-05-02,NA,427
"31",1977-05-16,0.68,441
"32",1977-06-13,0.05,469
"33",1977-06-27,0.02,483
"34",1977-07-11,NA,497
"35",1977-07-25,0.02,511
"36",1977-08-08,NA,525
"37",1977-08-22,0.29,539
"38",1977-09-06,0.97,554
"39",1977-09-19,0.52,567
"40",1977-10-03,0.13,581
"41",1977-10-17,0.04,595
"42",1977-10-31,0.17,610
"43",1977-11-21,NA,631
"44",1977-12-05,0.51,645
"45",1977-12-19,1.23,659
"46",1978-01-04,0.68,675
"47",1978-01-16,0.413333333333333,687
"48",1978-01-30,0.35,701
"49",1978-02-13,0.07,715
"50",1978-02-27,0.21,729
"51",1978-03-13,1.14,743
"52",1978-03-27,0.09,757
"53",1978-04-10,NA,771
"54",1978-04-24,0.1,785
"55",1978-05-08,0.73,798
"56",1978-05-22,0.08,812
"57",1978-06-05,0.07,826
"58",1978-06-19,0.15,840
"59",1978-07-05,0.1,856
"60",1978-07-17,0.77,868
"61",1978-07-31,0.5,882
"62",1978-08-14,0.54,896
"63",1978-08-28,0.45,910
"64",1978-09-11,0.28,924
"65",1978-09-25,0.05,938
"66",1978-10-09,0.14,952
"67",1978-10-23,0.12,966
"68",1978-11-20,0.19,995
"69",1978-12-04,0.02,1009
"70",1978-12-19,0.08,1024
"71",1979-01-08,0.6,1044
"72",1979-01-22,0.19,1058
"73",1979-02-05,0.26,1072
"74",1979-02-20,0.21,1087
"75",1979-03-05,NA,1100
"76",1979-03-19,0.13,1114
"77",1979-04-02,0.0433333333333333,1128
"78",1979-04-16,0.01,1142
"79",1979-04-30,0.12,1155
"80",1979-05-14,NA,1169
"81",1979-05-29,NA,1184
"82",1979-06-12,0.02,1198
"83",1979-06-25,0.02,1211
"84",1979-07-09,0.01,1225
"85",1979-07-23,0.09,1239
"86",1979-08-07,0.02,1254
"87",1979-08-20,0.03,1267
"88",1979-09-06,1.14,1284
"89",1979-09-18,1.03,1296
"90",1979-10-01,1.08,1309
"91",1979-10-15,0.1,1323
"92",1979-10-29,0.09,1338
"93",1979-11-14,0.54,1354
"94",1979-11-27,0.22,1367
"95",1979-12-12,0.68,1382
"96",1979-12-27,0.21,1397
"97",1980-01-09,0.05,1410
"98",1980-01-23,1.72,1424
"99",1980-02-05,0.94,1437
"100",1980-02-20,1.16,1452
"101",1980-03-04,0.09,1465
"102",1980-03-19,0.05,1480
"103",1980-04-02,0.18,1494
"104",1980-04-17,0.19,1509
"105",1980-04-30,0.03,1521
"106",1980-05-13,0.0333333333333333,1534
"107",1980-05-28,0.01,1549
"108",1980-06-09,0.0233333333333333,1561
"109",1980-06-25,NA,1577
"110",1980-07-08,0.01,1590
"111",1980-08-04,NA,1617
"112",1980-08-20,1.44,1633
"113",1980-09-03,0.87,1647
"114",1980-09-17,1.55,1661
"115",1980-10-01,1.13,1675
"116",1980-10-14,0.45,1688
"117",1980-10-29,0.15,1704
"118",1980-11-12,0.37,1718
"119",1980-12-02,0.34,1738
"120",1980-12-31,NA,1767
"121",1981-01-13,0.02,1780
"122",1981-01-27,NA,1794
"123",1981-02-10,0.02,1808
"124",1981-02-24,0.27,1822
"125",1981-03-10,0.05,1836
"126",1981-03-24,0.04,1850
"127",1981-04-07,NA,1864
"128",1981-04-21,NA,1878
"129",1981-05-05,NA,1891
"130",1981-05-19,NA,1905
"131",1981-06-02,0.03,1919
"132",1981-06-16,0.02,1933
"133",1981-06-30,0.07,1947
"134",1981-07-15,NA,1962
"135",1981-07-28,0.09,1975
"136",1981-08-11,0.42,1989
"137",1981-08-25,1.22,2003
"138",1981-09-09,0.45,2018
"139",1981-09-23,1.04,2032
"140",1981-10-05,0.01,2044
"141",1981-10-20,0.28,2059
"142",1981-11-03,0.22,2074
"143",1981-12-01,0.08,2102
"144",1981-12-29,0.1,2130
"145",1982-02-24,0.11,2187
"146",1982-04-05,0.52,2227
"147",1982-05-03,NA,2254
"148",1982-06-01,0.57,2283
"149",1982-06-26,1.08,2308
"150",1982-06-30,0.9,2312
"151",1982-07-12,0.51,2324
"152",1982-07-27,1.05,2339
"153",1982-08-09,0.01,2352
"154",1982-08-19,0.24,2362
"155",1982-08-24,0.19,2367
"156",1982-09-21,0.05,2395
"157",1982-10-19,0.44,2423
"158",1982-11-22,0.44,2458
"159",1982-12-21,0.205,2487
"160",1983-01-18,0.02,2515
"161",1983-01-24,0.2,2521
"162",1983-02-01,0.2,2529
"163",1983-02-07,0.13,2535
"164",1983-02-17,0.48,2545
"165",1983-03-02,0.09,2558
"166",1983-03-15,0.01,2571
"167",1983-03-29,0.04,2585
"168",1983-04-06,0.16,2593
"169",1983-04-14,0.03,2601
"170",1984-02-28,0.24,2921
"171",1984-03-27,0.62,2949
"172",1984-06-04,1.2,3017
"173",1984-06-19,0.67,3032
"174",1984-07-31,0.81,3074
"175",1984-09-10,0.05,3115
"176",1984-09-25,0.18,3130
"177",1984-10-09,0.02,3144
"178",1984-11-06,0.09,3173
"179",1984-12-04,0.57,3201
"180",1985-01-03,0.08,3231
"181",1985-02-26,0.04,3285
"182",1985-03-26,0.45,3313
"183",1985-04-05,0.6,3323
"184",1985-04-23,0.19,3341
"185",1985-05-20,0.03,3367
"186",1985-06-19,0.11,3397
"187",1985-07-22,0.24,3430
"188",1985-07-30,0.14,3438
"189",1985-08-27,0.39,3466
"190",1985-09-24,0.02,3494
"191",1985-10-08,0.72,3508
"192",1985-11-19,0.13,3551
"193",1985-11-20,0.32,3552
"194",1985-12-30,0.22,3592
"195",1986-01-28,0.05,3621
"196",1986-02-12,0.25,3636
"197",1986-03-11,0.01,3663
"198",1986-03-17,0.97,3669
"199",1986-04-22,NA,3705
"200",1986-05-20,0.22,3732
"201",1986-06-17,0.2,3760
"202",1986-07-29,0.85,3802
"203",1986-07-31,0.4,3804
"204",1986-08-26,0.3,3830
"205",1986-09-23,0.11,3858
"206",1986-10-21,0.35,3886
"207",1986-11-04,0.83,3901
"208",1986-12-18,0.13,3945
"209",1987-01-22,0.01,3980
"210",1987-02-03,NA,3992
"211",1987-03-17,NA,4034
"212",1987-03-31,3.05,4048
"213",1987-04-28,NA,4075
"214",1987-05-26,0.16,4103
"215",1987-06-24,0.24,4132
"216",1987-07-08,0.19,4146
"217",1987-08-04,0.34,4173
"218",1987-09-16,0.16,4216
"219",1987-10-13,0.37,4243
"220",1987-11-04,0.59,4266
"221",1987-11-24,0.36,4286
"222",1987-12-22,NA,4314
"223",1988-01-05,0.09,4328
"224",1988-02-16,0.05,4370
"225",1988-03-15,0.21,4398
"226",1988-04-12,0.03,4425
"227",1988-05-10,0.01,4453
"228",1988-06-07,0.63,4481
"229",1988-07-19,0.12,4523
"230",1988-08-02,0.31,4537
"231",1988-08-30,0.67,4565
"232",1988-09-27,NA,4593
"233",1988-10-25,NA,4621
"234",1988-11-22,NA,4650
"235",1988-12-20,0.01,4678
"236",1989-01-18,NA,4707
"237",1989-02-14,0.17,4734
"238",1989-03-28,0.07,4776
"239",1989-04-25,0.02,4803
"240",1989-05-23,NA,4831
"241",1989-06-20,NA,4859
"242",1989-07-18,0.06,4887
"243",1989-08-30,NA,4930
"244",1989-09-12,0.41,4943
"245",1989-10-25,0.02,4986
"246",1989-11-20,0.05,5013
"247",1989-12-19,NA,5042
"248",1990-01-29,NA,5083
"249",1990-02-27,0.01,5112
"250",1990-03-26,0.02,5139
"251",1990-04-24,NA,5167
"252",1990-05-22,0.02,5195
"253",1990-06-19,NA,5223
"254",1990-07-17,0.55,5251
"255",1990-08-28,0.17,5293
"256",1990-09-25,0.03,5321
"257",1990-10-23,0.06,5349
"258",1990-11-19,0.02,5377
"259",1990-12-18,NA,5406
"260",1991-02-26,NA,5476
"261",1991-03-26,NA,5504
"262",1991-04-24,0.03,5532
"263",1991-05-21,NA,5559
"264",1991-06-18,0.06,5587
"265",1991-07-30,0.05,5629
"266",1991-08-28,0.56,5658
"267",1991-09-24,0.57,5685
"268",1991-10-22,0.02,5713
"269",1991-11-05,0.27,5728
"270",1991-11-19,0.14,5742
"271",1991-12-17,0.24,5770
"272",1992-01-28,NA,5812
"273",1992-02-25,0.13,5840
"274",1992-03-23,NA,5867
"275",1992-04-23,NA,5897
"276",1992-05-21,0.05,5925
"277",1992-06-15,0.49,5950
"278",1992-06-29,0.6,5964
"279",1992-07-28,0.02,5993
"280",1992-08-26,0.93,6022
"281",1992-09-21,0.1,6048
"282",1992-10-19,0.11,6076
"283",1992-11-16,0.21,6105
"284",1992-12-28,0.43,6147
"285",1993-01-25,0.181666666666667,6175
"286",1993-02-22,0.06,6203
"287",1993-03-22,0.182,6231
"288",1993-04-19,0.133333333333333,6258
"289",1993-05-17,0.128333333333333,6286
"290",1993-06-28,0.095,6328
"291",1993-07-27,NA,6357
"292",1993-08-23,0.03,6384
"293",1993-09-20,0.0375,6412
"294",1993-10-18,0.6125,6440
"295",1993-11-15,NA,6469
"296",1993-12-13,0.0325,6497
"297",1994-01-18,NA,6533
"298",1994-02-14,0.17,6560
"299",1994-03-14,0.02,6588
"300",1994-04-11,NA,6615
"301",1994-05-16,NA,6650
"302",1994-06-13,NA,6678
"303",1994-07-18,0.00425,6713
"304",1994-08-15,0.385,6741
"305",1994-09-12,0.0845,6769
"306",1994-09-27,0.447,6784
"307",1994-10-10,0.041,6797
"308",1994-11-07,NA,6826
"309",1994-11-21,1.211,6840
"310",1994-12-05,0.094,6854
"311",1995-01-03,0.114,6883
"312",1995-01-17,0.49325,6897
"313",1995-01-30,0.035,6910
"314",1995-02-27,0.297,6938
"315",1995-03-28,NA,6967
"316",1995-04-24,NA,6993
"317",1995-05-22,0.051,7021
"318",1995-06-19,NA,7049
"319",1995-07-17,NA,7077
"320",1995-08-03,0.83,7094
"321",1995-08-14,0.016,7105
"322",1995-09-13,0.746,7135
"323",1995-10-09,0.872,7161
"324",1995-10-24,0.701,7176
"325",1995-11-06,0.203,7190
"326",1995-12-04,0.147,7218
"327",1996-01-02,0.082,7247
"328",1996-01-29,0.092,7274
"329",1996-02-26,0.03,7302
"330",1996-03-25,0.06,7330
"331",1996-04-22,0.09,7357
"332",1996-05-20,0.0035,7385
"333",1996-06-18,0.021,7414
"334",1996-07-15,0.202,7441
"335",1996-08-13,0.128,7470
"336",1996-09-09,0.019,7497
"337",1996-10-07,0.083,7525
"338",1996-11-04,0.03,7554
"339",1996-12-02,0.078,7582
"340",1996-12-30,0.024,7610
"341",1997-01-27,0.009,7638
"342",1997-02-24,NA,7666
"343",1997-03-24,0.091,7694
"344",1997-04-21,0.026,7721
"345",1997-05-19,0.042,7749
"346",1997-06-16,0.015,7777
"347",1997-07-14,0.029,7805
"348",1997-08-11,0.576,7833
"349",1997-08-25,0.236,7847
"350",1997-09-22,0.069,7875
"351",1997-10-20,0.087,7903
"352",1997-11-17,0.063,7932
"353",1997-12-22,0.275,7967
"354",1998-01-20,0.024,7996
"355",1998-02-02,0.04,8009
"356",1998-02-17,0.438,8024
"357",1998-03-16,NA,8051
"358",1998-04-20,0.019,8085
"359",1998-05-19,0.052,8114
"360",1998-06-15,0.079,8141
"361",1998-07-27,0.014,8183
"362",1998-08-24,1.092,8211
"363",1998-09-21,1.095,8239
"364",1998-10-19,0.27,8267
"365",1998-11-16,0.55,8296
"366",1998-12-28,0.023,8338
"367",1999-01-25,0.135,8366
"368",1999-02-22,0.021,8394
"369",1999-03-22,0.061,8422
"370",1999-04-19,0.011,8449
"371",1999-05-17,0.021,8477
"372",1999-06-21,0.827,8512
"373",1999-07-26,1.102,8547
"374",1999-08-23,0.653,8575
"375",1999-09-20,0.79,8603
"376",1999-10-18,1.356,8631
"377",1999-11-01,0.124,8646
"378",1999-12-27,0.013,8702
"379",2000-01-24,0.132,8730
"380",2000-02-22,0.122,8759
"381",2000-03-20,0,8786
"382",2000-04-18,0.416,8814
"383",2000-05-15,0.147,8841
"384",2000-06-26,0.012,8883
"385",2000-07-25,0.018,8912
"386",2000-08-21,0.06,8939
"387",2000-09-18,0.0985,8967
"388",2000-10-16,0.012,8995
"389",2000-11-13,0.088,9024
"390",2000-12-18,0.093,9059
"391",2001-01-22,0.246,9094
"392",2001-02-20,0.016,9123
"393",2001-03-19,0.076,9150
"394",2001-04-16,0.009,9177
"395",2001-05-14,NA,9205
"396",2001-06-18,0.156,9240
"397",2001-07-16,0.015,9268
"398",2001-08-04,0.284375,9287
"399",2001-08-07,0.20475,9290
"400",2001-08-10,0.1674,9293
"401",2001-08-13,0.132333333333333,9296
"402",2001-08-16,0.0256666666666667,9299
"403",2001-08-19,0.015,9302
"404",2001-08-22,0.315,9305
"405",2001-08-25,0.218,9308
"406",2001-08-27,0.179,9310
"407",2001-08-31,0.306,9314
"408",2001-09-10,0.231,9324
"409",2001-09-16,0.2186,9330
"410",2001-09-19,0.0262,9333
"411",2001-09-24,0.017,9338
"412",2001-10-02,0.183333333333333,9346
"413",2001-10-08,0.325,9352
"414",2001-10-16,0.0306666666666667,9360
"415",2001-11-05,1.072,9381
"416",2001-11-19,0.148,9395
"417",2001-12-03,0.458,9409
"418",2001-12-17,0.348,9423
"419",2002-01-07,0.106,9444
"420",2002-01-22,NA,9459
"421",2002-02-04,0.0562,9472
"422",2002-02-12,0.00466666666666667,9480
"423",2002-02-15,0.0975,9483
"424",2002-02-19,0.026,9487
"425",2002-03-04,0.013,9500
"426",2002-03-18,0.012,9514
"427",2002-04-01,0.044,9528
"428",2002-04-15,0.062,9541
"429",2002-04-23,NA,9549
"430",2002-05-13,0.018,9569
"431",2002-06-10,0.09,9597
"432",2002-06-24,0.878333333333333,9611
"433",2002-07-08,0.5335,9625
"434",2002-07-09,1.111,9626
"435",2002-07-22,0.3655,9639
"436",2002-07-30,NA,9647
"437",2002-08-05,0.02,9653
"438",2002-08-06,NA,9654
"439",2002-08-19,0.143,9667
"440",2002-09-03,0.874,9682
"441",2002-09-16,0.463,9695
"442",2002-09-30,0.698,9709
"443",2002-10-08,NA,9717
"444",2002-10-14,0.092,9723
"445",2002-10-28,0.153666666666667,9738
"446",2002-11-12,0.001,9753
"447",2002-11-25,2.15633333333333,9766
"448",2002-12-09,0.267,9780
"449",2002-12-17,0.866666666666667,9788
"450",2002-12-30,0.397,9801
"451",2003-01-13,0.265,9815
"452",2003-01-27,0.367,9829
"453",2003-02-10,0.337,9843
"454",2003-02-24,0.2805,9857
"455",2003-03-10,0.311,9871
"456",2003-03-24,0.367,9885
"457",2003-04-21,0.1925,9912
"458",2003-05-05,0.001,9926
"459",2003-05-19,0.148,9940
"460",2003-06-02,0.199333333333333,9954
"461",2003-06-16,0.192333333333333,9968
"462",2003-07-08,0.51,9990
"463",2003-07-21,0.0105,10003
"464",2003-08-04,0.004,10017
"465",2003-08-18,0.011,10031
"466",2003-09-02,0.529333333333333,10046
"467",2003-09-15,0.029,10059
"468",2003-10-06,0.180333333333333,10080
"469",2003-10-20,0.448,10094
"470",2003-11-03,0.271,10109
"471",2003-11-17,0.2875,10123
"472",2003-12-01,0.1945,10137
"473",2003-12-15,0.248333333333333,10151
"474",2004-01-05,0.154,10172
"475",2004-01-20,0.317,10187
"476",2004-02-02,0.2195,10200
"477",2004-02-17,0.85,10215
"478",2004-03-01,0.187,10228
"479",2004-03-15,0.025,10242
"480",2004-04-05,0.101,10262
"481",2004-04-19,0.571,10276
"482",2004-05-03,0.089,10290
"483",2004-05-17,NA,10304
"484",2004-06-07,0.052,10325
"485",2004-06-21,0.009,10339
"486",2004-07-12,0.003,10360
"487",2004-07-26,0.056,10374
"488",2004-08-09,0.581,10388
"489",2004-08-17,NA,10396
"490",2004-08-23,0.0315,10402
"491",2004-08-31,0.013,10410
"492",2004-09-13,1.183,10423
"493",2004-09-21,NA,10431
"494",2004-09-22,0.256,10432
"495",2004-09-24,0.2004,10434
"496",2004-10-04,0.3125,10444
"497",2004-10-18,0.023,10458
"498",2004-11-01,0.192,10473
"499",2004-11-15,0.417,10487
"500",2004-12-06,0.266,10508
"501",2004-12-20,0.395,10522
"502",2005-01-03,0.073,10536
"503",2005-01-18,0.06,10551
"504",2005-01-31,0.189,10564
"505",2005-02-14,0.377,10578
"506",2005-02-28,0.259333333333333,10592
"507",2005-03-14,0.27,10606
"508",2005-04-04,0.1415,10626
"509",2005-04-18,0.22,10640
"510",2005-05-02,0.011,10654
"511",2005-05-16,0.211,10668
"512",2005-06-03,1.07,10686
"513",2005-06-05,0.825,10688
"514",2005-06-14,0.4405,10697
"515",2005-06-27,0.156,10710
"516",2005-07-11,0.881,10724
"517",2005-07-25,0.184,10738
"518",2005-08-08,0.7,10752
"519",2005-08-22,0.026,10766
"520",2005-09-06,0.886,10781
"521",2005-09-20,0.128,10795
"522",2005-10-03,1.68,10808
"523",2005-10-17,0.14,10822
"524",2005-11-01,0.722,10838
"525",2005-11-14,0.623,10851
"526",2005-12-05,0.1005,10872
"527",2005-12-19,0.223,10886
"528",2006-01-09,0.325,10907
"529",2006-01-23,0.238,10921
"530",2006-02-06,0.2915,10935
"531",2006-02-21,0.372,10950
"532",2006-03-06,0.033,10963
"533",2006-03-20,0.018,10977
"534",2006-04-03,NA,10990
"535",2006-04-17,0.111,11004
"536",2006-05-08,0.009,11025
"537",2006-05-22,0.053,11039
"538",2006-06-05,0.023,11053
"539",2006-06-19,0.034,11067
"540",2006-07-05,0.145,11083
"541",2006-07-17,NA,11095
"542",2006-08-07,0.0025,11116
"543",2006-08-21,0.023,11130
"544",2006-09-07,0.243,11147
"545",2006-09-11,0.3145,11151
"546",2006-09-25,0.2185,11165
"547",2006-10-09,0.0285,11179
"548",2006-10-23,0.048,11193
"549",2006-11-14,0.015,11216
"550",2006-11-27,0.028,11229
"551",2006-12-04,0.04,11236
"552",2006-12-18,0.016,11250
"553",2007-01-08,0.016,11271
"554",2007-01-22,0.009,11285
"555",2007-02-12,0.009,11306
"556",2007-02-26,0.007,11320
"557",2007-03-12,0.001,11333
"558",2007-03-26,0.0115,11347
"559",2007-04-09,0.0095,11361
"560",2007-04-23,0.026,11375
"561",2007-05-07,0.022,11389
"562",2007-05-21,0.011,11403
"563",2007-06-05,0.0115,11418
"564",2007-06-18,0.002,11431
"565",2007-07-09,0.134,11452
"566",2007-07-23,0.023,11466
"567",2007-08-06,0.016,11480
"568",2007-08-20,0.019,11494
"569",2007-09-10,0.024,11515
"570",2007-09-24,0.2505,11529
"571",2007-10-08,0.119,11543
"572",2007-10-22,0.527,11557
"573",2007-11-13,0.167,11580
"574",2007-11-26,0.095,11593
"575",2007-12-05,0.096,11602
"576",2007-12-19,0.536,11616
"577",2008-01-02,0.139,11630
"578",2008-01-16,0.187,11644
"579",2008-02-06,0.245,11665
"580",2008-02-20,0.094,11679
"581",2008-03-05,0.07,11693
"582",2008-03-19,0.041,11706
"583",2008-04-02,0.02,11720
"584",2008-05-14,0.123,11762
"585",2008-08-28,0.666,11868
"586",2008-09-24,0.398,11895
"587",2008-10-08,0.256,11909
"588",2008-10-22,0.077,11923
"589",2008-11-05,0.161,11938
"590",2008-11-19,0.029,11952
"591",2008-12-03,0.156,11966
"592",2009-01-07,0.168,12001
"593",2009-01-21,0.155,12015
"594",2009-02-04,0.063,12029
"595",2009-02-18,0.028,12043
"596",2009-03-11,0.045,12063
"597",2009-03-25,0.015,12077
"598",2009-04-08,0.082,12091
"599",2009-04-22,0.0405,12105
"600",2009-05-06,0.014,12119
"601",2009-05-20,0.29,12133
"602",2009-06-03,0.274,12147
"603",2009-06-17,0.149,12161
"604",2009-07-08,0.364,12182
"605",2009-07-22,0.256,12196
"606",2009-08-12,0.522,12217
"607",2009-08-26,0.386,12231
"608",2009-09-09,0.274,12245
"609",2009-09-23,0.135,12259
"610",2009-10-14,0.065,12280
"611",2009-10-28,0.16,12294
"612",2009-11-04,0.174,12302
"613",2009-12-09,0.669,12337
"614",2009-12-23,0.48,12351
"615",2010-01-13,0.053,12372
"616",2010-02-10,0.735,12400
"617",2010-02-24,0.021,12414
"618",2010-03-03,0.028,12421
"619",2010-03-17,0.828,12434
"620",2010-04-07,0.1165,12455
"621",2010-04-21,0.1095,12469
"622",2010-05-12,0.349,12490
"623",2010-05-26,0.243,12504
"624",2010-06-16,0.038,12525
"625",2010-06-30,0.026,12539
"626",2010-07-14,0.214,12553
"627",2010-07-28,0.019,12567
"628",2010-08-04,0.065,12574
"629",2010-08-18,0.165,12588
"630",2010-09-15,0.216,12616
"631",2010-09-29,0.361,12630
"632",2010-10-13,0.083,12644
"633",2010-10-27,0.122,12658
"634",2010-11-03,0.167,12665
"635",2010-11-17,0.014,12680
"636",2010-12-01,0.108,12694
"637",2010-12-13,0.121,12706
"638",2011-01-05,0.014,12729
"639",2011-01-20,0.45,12744
"640",2011-02-03,0.012,12758
"641",2011-02-17,0.013,12772
"642",2011-03-02,0.051,12785
"643",2011-03-16,0.011,12798
"644",2011-04-06,0.117,12819
"645",2011-04-20,0.013,12833
"646",2011-05-04,0.011,12847
"647",2011-05-18,0.015,12861
"648",2011-06-08,0.013,12882
"649",2011-06-22,0.013,12896
"650",2011-07-06,0.098,12910
"651",2011-07-20,0.094,12924
"652",2011-08-10,0.058,12945
"653",2011-08-24,0.235,12959
"654",2011-09-07,0.16,12973
"655",2011-09-21,0.277,12987
"656",2011-10-05,0.017,13001
"657",2011-10-19,0.55,13015
"658",2011-11-02,0.946,13029
"659",2011-11-16,0.074,13044
"660",2011-12-07,0.027,13065
"661",2011-12-21,0.015,13079
"662",2012-01-04,0.074,13093
"663",2012-01-18,0.02,13107
"664",2012-02-08,0.037,13128
"665",2012-02-22,0.01,13142
"666",2012-03-07,0.155,13156
"667",2012-03-21,0.013,13169
"668",2012-04-04,0.007,13183
"669",2012-04-18,0.007,13197
"670",2012-05-02,0.006,13211
"671",2012-05-16,0.027,13225
"672",2012-06-06,0.031,13246
"673",2012-06-20,0.015,13260
"674",2012-07-11,0.013,13281
"675",2012-07-25,0.05,13295
"676",2012-08-08,0.084,13309
"677",2012-08-22,0.021,13323
"678",2012-08-27,0.342,13328
"679",2012-08-30,0.379,13331
"680",2012-09-05,0.461,13337
"681",2012-09-20,0.099,13352
"682",2012-10-03,0.367,13365
"683",2012-10-17,0.141,13379
"684",2012-11-14,0.066,13408
"685",2012-11-28,0.117,13422
"686",2012-12-05,0.282,13429
"687",2012-12-19,0.502,13443
"688",2013-01-09,0.017,13464
"689",2013-01-23,0.125,13478
"690",2013-02-06,0.018,13492
"691",2013-02-21,0.025,13507
"692",2013-03-06,0.017,13520
"693",2013-03-20,0.014,13533
"694",2013-04-03,0.006,13547
"695",2013-04-17,0.058,13561
"696",2013-05-08,0.016,13582
"697",2013-05-22,0.014,13596
"698",2013-06-05,0.626,13610
"699",2013-06-19,0.043,13624
"700",2013-07-10,0.152,13645
"701",2013-07-24,0.279,13659
"702",2013-08-07,0.503,13673
"703",2013-08-21,0.058,13687
"704",2013-09-04,0.071,13701
"705",2013-09-18,0.578,13715
"706",2013-10-07,0.019,13734
"707",2013-10-21,0.019,13748
"708",2013-11-04,0.017,13763
"709",2013-11-18,0.015,13777
"710",2013-12-02,0.063,13791
"711",2013-12-16,0.062,13805
"712",2014-01-06,0.025,13826
"713",2014-01-21,0.014,13841
"714",2014-02-03,0.729,13854
"715",2014-02-17,0.667,13868
"716",2014-03-03,0.009,13882
"717",2014-03-17,0.011,13895
"718",2014-04-07,0.013,13916
"719",2014-04-21,0.468,13930
"720",2014-05-05,0.016,13944
"721",2014-05-19,0.019,13958
"722",2014-06-09,0.014,13979
"723",2014-06-23,0.135,13993
"724",2014-07-07,0.011,14007
"725",2014-07-21,0.265,14021
"726",2014-08-04,0.018,14035
"727",2014-08-18,0.009,14049
"728",2014-09-08,0.393,14070
"729",2014-09-22,1.201,14084
"730",2014-10-06,0.036,14098
"731",2014-10-20,0.014,14112
"732",2014-11-03,0.026,14127
"733",2014-11-17,0.012,14141
"734",2014-12-01,0.015,14155
"735",2014-12-15,0.016,14169
"736",2015-01-05,0.034,14190
"737",2015-01-20,0.018,14205
"738",2015-02-02,0.011,14218
"739",2015-02-16,0.007,14232
"740",2015-03-02,0.007,14246
"741",2015-03-16,0.019,14259
"742",2015-04-06,0.013,14280
"743",2015-04-20,0.164,14294
"744",2015-05-04,0.047,14308
"745",2015-05-18,0.092,14322
"746",2015-06-01,0.019,14336
"747",2015-06-15,0.104,14350
"748",2015-07-06,0.092,14371
"749",2015-07-20,0.017,14385
"750",2015-08-03,0.166,14399
"751",2015-08-17,0.415,14413
"752",2015-08-31,0.653,14427
"753",2015-09-14,0.013,14441
"754",2015-09-28,0.784,14455
"755",2015-10-12,0.15,14469
"756",2015-10-26,0.145,14483
"757",2015-11-09,0.317,14498
"758",2015-11-23,0.812,14512
"759",2015-12-07,0.6,14526
"760",2015-12-21,0.202,14540
"761",2016-01-04,0.108,14554
"762",2016-01-20,0.404,14570
"763",2016-02-01,0.594,14582
"764",2016-02-15,1.988,14596
"765",2016-02-29,0.113,14610
"766",2016-03-14,0.232,14623
"767",2016-03-28,0.017,14637
"768",2016-04-11,0.075,14651
"769",2016-04-25,0.053,14665
"770",2016-05-09,0.016,14679
"771",2016-05-23,0.721,14693
"772",2016-06-06,0.192,14707
"773",2016-06-20,0.669,14721
"774",2016-07-06,0.018,14737
"775",2016-07-18,0.056,14749
"776",2016-08-01,0.027,14763
"777",2016-08-15,0.99,14777
"778",2016-08-29,0.129,14791
"779",2016-09-12,0.241,14805
"780",2016-09-26,0.348,14819
"781",2016-10-10,0.874,14833
"782",2016-10-24,0.132,14847
"783",2016-11-07,0.141,14862
"784",2016-11-21,0.186,14876
"785",2016-12-05,0.132,14890
"786",2016-12-19,0.04,14904
"787",2017-01-04,0.094,14920
"788",2017-01-17,0.038,14933
"789",2017-01-30,0.16,14946
"790",2017-02-13,0.032,14960
"791",2017-02-27,0.052,14974
"792",2017-03-14,0.024,14988
"793",2017-03-27,0.012,15001
"794",2017-04-10,0.037,15015
"795",2017-04-24,0.016,15029
"796",2017-05-08,0.022,15043
"797",2017-05-22,0.034,15057
"798",2017-06-05,0.019,15071
"799",2017-06-19,0.486,15085
"800",2017-07-05,0.372,15101
"801",2017-07-17,0.431,15113
"802",2017-08-01,0.26,15128
"803",2017-08-28,0.173,15155
"804",2017-09-13,0.242,15171
"805",2017-09-25,0.152,15183
"806",2017-10-09,0.406,15197
"807",2017-10-23,0.124,15211
"808",2017-11-06,0.084,15226
"809",2017-11-20,0.229,15240
"810",2017-12-20,0.076,15270
"811",2018-01-16,0.067,15297
"812",2018-02-12,0.054,15324
"813",2018-03-12,0.02,15351
"814",2018-04-09,0.014,15379
"815",2018-04-23,0.036,15393
"816",2018-05-07,0.013,15407
"817",2018-06-04,0.424,15435
"818",2018-06-18,0.036,15449
"819",2018-07-02,0.871,15463
"820",2018-07-16,0.044,15477
"821",2018-07-30,0.468,15491
"822",2018-08-27,0.518,15519
"823",2018-09-24,0.076,15547
"824",2018-10-22,0.01,15575
"825",2018-11-19,0.062,15604
"826",2018-12-17,0.018,15632
"827",2019-01-14,0.053,15660
"828",2019-02-11,0.43,15688
"829",2019-02-25,0.159,15702
"830",2019-03-11,0.021,15715
"831",2019-04-10,0.026,15745
"832",2019-05-06,0.035,15771
"833",2019-06-03,0.311,15799
"834",2019-07-01,0.345,15827
"835",2019-07-29,0.324,15855
"836",2019-08-26,0.064,15883
"837",2019-09-23,0.017,15911
"838",2019-10-21,1.151,15939
"839",2019-11-18,0.105,15968
"840",2019-12-16,0.418,15996
"841",2020-01-13,0.028,16024
"842",2020-02-10,0.873,16052
"843",2020-03-09,0.044,16079
"844",2020-04-06,0.046,16107
"845",2020-05-04,0.012,16135
"846",2020-06-01,0.05,16163
"847",2020-06-29,0.134,16191
"848",2020-07-13,0.21,16205
"849",2020-07-27,0.051,16219
"850",2020-08-24,0.051,16247
"851",2020-09-08,0.739,16262
"852",2020-09-21,0.483,16275
"853",2020-10-19,0.159,16303
"854",2020-11-02,0.394,16318
"855",2020-11-16,0.348,16332
"856",2020-12-14,0.118,16360
"857",2020-12-28,0.191,16374
"858",2021-01-11,0.041,16388
"859",2021-02-08,0.037,16416
"860",2021-03-08,0.052,16444
"861",2021-04-05,0.034,16471
"862",2021-04-19,0.008,16485
"863",2021-05-03,0.02,16499
"864",2021-06-01,0.061,16528
"865",2021-06-28,0.117,16555
"866",2021-07-12,0.708,16569
"867",2021-07-26,0.019,16583
"868",2021-08-23,0.058,16611
"869",2021-09-20,0.987,16639
"870",2021-10-04,0.313,16653
"871",2021-10-18,0.167,16667
"872",2021-11-15,0.116,16696
"873",2021-12-13,0.097,16724
"874",2022-01-10,0.014,16752
"875",2022-02-07,0.013,16780
"876",2022-03-07,0.024,16808
"877",2022-04-04,0.066,16835
"878",2022-05-02,0.014,16863
"879",2022-05-31,0.015,16892
"880",2022-07-25,0.072,16947
"881",2022-08-22,0.01,16975
"882",2022-09-19,0.448,17003
"883",2022-10-03,0.87,17017
"884",2022-10-17,0.357,17031
"885",2022-10-31,0.143,17045
"886",2022-11-28,0.078,17074
"887",2022-12-27,0.062,17103
"888",2023-01-09,0.057,17116
"889",2023-02-06,0.048,17144
"890",2023-03-06,0.029,17172
"891",2023-04-03,0.01,17199
"892",2023-05-01,0.594,17227
