"","date","L006_AMMONIA-N_mg/L","days"
"1",1972-11-06,NA,6
"2",1972-12-12,NA,42
"3",1973-01-16,0.065,77
"4",1973-02-06,0.02,98
"5",1973-03-07,0.03,127
"6",1973-04-12,0.03,163
"7",1973-05-08,0.04,188
"8",1973-05-09,0.08,189
"9",1973-06-05,0.025,216
"10",1973-07-10,NA,251
"11",1973-08-10,NA,282
"12",1973-09-12,NA,315
"13",1973-09-14,0.23,317
"14",1973-09-28,0.16,331
"15",1973-10-10,NA,343
"16",1973-10-12,0.6,345
"17",1973-11-09,0.46,374
"18",1973-11-14,0,379
"19",1973-11-21,0.04,386
"20",1973-12-07,0.17,402
"21",1973-12-20,0.035,415
"22",1974-01-03,0.57,429
"23",1974-01-17,0.27,442
"24",1974-02-01,0.05,457
"25",1974-02-13,0.02,469
"26",1974-02-15,0.05,471
"27",1974-02-21,NA,477
"28",1974-03-01,0.6,485
"29",1974-03-07,0.02,491
"30",1974-03-15,0.51,499
"31",1974-03-20,0.06,504
"32",1974-04-04,0.03,519
"33",1974-04-19,0.04,534
"34",1974-05-09,0,554
"35",1974-06-04,NA,580
"36",1974-06-18,0.005,594
"37",1974-07-10,0.01,616
"38",1974-07-23,NA,629
"39",1974-08-08,NA,645
"40",1974-08-21,0.01,658
"41",1974-08-28,0.03,665
"42",1974-09-12,NA,680
"43",1974-09-25,NA,693
"44",1974-10-16,0.02,714
"45",1974-11-05,0.025,735
"46",1974-11-06,0.02,736
"47",1974-12-12,0,772
"48",1974-12-30,NA,790
"49",1975-01-17,0.04,808
"50",1975-01-20,0.01,811
"51",1975-02-04,0.06,826
"52",1975-02-22,0.09,844
"53",1975-02-24,0.025,845
"54",1975-03-12,0.03,861
"55",1975-03-30,0.02,879
"56",1975-04-02,0.045,882
"57",1975-04-17,0.08,897
"58",1975-05-05,0.04,915
"59",1975-05-07,NA,917
"60",1975-05-23,0.04,933
"61",1975-06-05,0.08,946
"62",1975-06-10,0.02,951
"63",1975-06-28,NA,969
"64",1975-07-10,NA,981
"65",1975-07-16,0.02,987
"66",1975-08-03,NA,1005
"67",1975-08-21,0.13,1023
"68",1975-08-28,0.08,1030
"69",1975-09-08,0.01,1041
"70",1975-09-26,0.05,1059
"71",1975-10-02,0.022,1065
"72",1975-10-05,0.04,1068
"73",1975-10-23,0.01,1086
"74",1975-11-10,NA,1105
"75",1975-11-17,0.04,1112
"76",1975-12-12,NA,1137
"77",1975-12-16,NA,1141
"78",1976-01-21,0.06,1177
"79",1976-02-26,0.06,1213
"80",1976-03-02,0.04,1218
"81",1976-03-15,0.05,1231
"82",1976-04-20,0.02,1267
"83",1976-05-08,0.09,1284
"84",1976-05-11,0.07,1287
"85",1976-05-26,0.16,1302
"86",1976-06-13,0.02,1320
"87",1976-07-01,0.09,1338
"88",1976-07-14,NA,1351
"89",1976-08-06,NA,1374
"90",1976-08-24,0.04,1392
"91",1976-08-31,0.02,1399
"92",1976-09-11,0.03,1410
"93",1976-09-29,0.06,1428
"94",1976-10-17,0.02,1446
"95",1976-11-04,0.03,1465
"96",1976-11-22,NA,1483
"97",1976-12-09,NA,1500
"98",1977-02-23,0.025,1576
"99",1977-03-15,0.02,1596
"100",1977-06-15,0.02,1687
"101",1977-07-14,0.02,1716
"102",1977-08-17,0.015,1750
"103",1977-09-13,0.03,1777
"104",1977-10-11,NA,1805
"105",1977-11-21,NA,1847
"106",1978-01-12,0,1899
"107",1978-02-08,0.005,1926
"108",1978-03-16,NA,1962
"109",1978-04-12,0.025,1989
"110",1978-05-22,NA,2028
"111",1978-06-12,0.01,2049
"112",1978-07-12,NA,2079
"113",1978-08-09,0.01,2107
"114",1978-09-06,NA,2135
"115",1978-10-11,NA,2170
"116",1978-11-07,0.02,2198
"117",1978-12-06,NA,2227
"118",1979-01-11,NA,2263
"119",1979-01-30,0.04,2282
"120",1979-03-06,0.02,2317
"121",1979-04-10,0.03,2352
"122",1979-05-08,0.02,2379
"123",1979-06-05,NA,2407
"124",1979-07-03,NA,2435
"125",1979-08-07,0.02,2470
"126",1979-09-10,0.03,2504
"127",1979-10-10,0.02,2534
"128",1979-11-09,0.04,2565
"129",1979-12-11,0.02,2597
"130",1980-01-09,NA,2626
"131",1980-02-06,NA,2654
"132",1980-03-05,0.05,2682
"133",1980-04-09,0.00666666666666667,2717
"134",1980-05-15,0.05,2752
"135",1980-06-16,0.01,2784
"136",1980-07-21,0.03,2819
"137",1980-08-20,0.03,2849
"138",1980-09-16,0.04,2876
"139",1980-10-16,NA,2906
"140",1980-11-06,NA,2928
"141",1980-12-11,0.01,2963
"142",1981-01-15,NA,2998
"143",1981-02-19,0.03,3033
"144",1981-03-26,NA,3068
"145",1981-04-22,NA,3095
"146",1981-05-28,NA,3130
"147",1981-06-24,0.04,3157
"148",1981-07-15,0.01,3178
"149",1981-07-30,0.03,3193
"150",1981-08-12,0.03,3206
"151",1981-08-24,0.03,3218
"152",1981-09-10,0.01,3235
"153",1981-09-22,0.02,3247
"154",1981-10-08,NA,3263
"155",1981-11-24,NA,3311
"156",1982-01-07,NA,3355
"157",1982-02-11,NA,3390
"158",1982-03-04,0.01,3411
"159",1982-04-01,NA,3439
"160",1982-05-05,NA,3472
"161",1982-05-19,0.01,3486
"162",1982-06-02,0.045,3500
"163",1982-06-24,0.03,3522
"164",1982-07-09,0.03,3537
"165",1982-08-25,0.01,3584
"166",1982-09-28,NA,3618
"167",1982-11-23,NA,3675
"168",1982-12-20,0.03,3702
"169",1983-01-25,0.02,3738
"170",1983-02-24,NA,3768
"171",1983-03-23,NA,3795
"172",1983-04-20,NA,3823
"173",1983-05-26,0.01,3858
"174",1983-06-28,0.01,3891
"175",1983-07-19,0.04,3912
"176",1983-08-30,NA,3954
"177",1983-09-30,0.02,3985
"178",1983-10-27,0.04,4012
"179",1983-12-21,0.05,4068
"180",1984-01-18,0.02,4096
"181",1984-02-15,NA,4124
"182",1984-03-22,NA,4160
"183",1984-04-18,0.02,4187
"184",1984-05-16,0.01,4214
"185",1984-06-21,0.02,4250
"186",1984-10-18,0.02,4369
"187",1984-11-29,0.03,4412
"188",1984-12-20,0.02,4433
"189",1985-01-15,NA,4459
"190",1985-02-27,NA,4502
"191",1985-04-04,NA,4538
"192",1985-05-01,NA,4564
"193",1985-06-06,0.02,4600
"194",1985-07-10,0.01,4634
"195",1985-08-01,0.02,4656
"196",1985-08-08,NA,4663
"197",1985-08-22,NA,4677
"198",1985-09-05,0.03,4691
"199",1985-09-27,NA,4713
"200",1985-10-17,0.03,4733
"201",1985-10-24,0.05,4740
"202",1985-11-14,0.01,4762
"203",1985-12-11,0.12,4789
"204",1986-01-30,0.02,4839
"205",1986-02-20,NA,4860
"206",1986-04-03,0.01,4902
"207",1986-05-01,0.02,4929
"208",1986-06-03,0.02,4962
"209",1986-06-23,NA,4982
"210",1986-07-02,NA,4991
"211",1986-07-10,NA,4999
"212",1986-07-22,0.02,5011
"213",1986-08-07,NA,5027
"214",1986-09-25,NA,5076
"215",1986-10-10,NA,5091
"216",1986-10-23,0.01,5104
"217",1986-12-10,0.01,5153
"218",1987-01-14,NA,5188
"219",1987-02-12,NA,5217
"220",1987-04-03,NA,5267
"221",1987-05-01,NA,5294
"222",1987-06-04,NA,5328
"223",1987-06-24,NA,5348
"224",1987-07-21,NA,5375
"225",1987-08-18,NA,5403
"226",1987-09-14,0.15,5430
"227",1987-10-19,NA,5465
"228",1987-11-18,NA,5496
"229",1987-12-14,NA,5522
"230",1988-01-19,0.04,5558
"231",1988-02-17,NA,5587
"232",1988-03-22,NA,5621
"233",1988-04-20,NA,5649
"234",1988-05-04,0.01,5663
"235",1988-05-18,NA,5677
"236",1988-06-02,NA,5692
"237",1988-06-15,0.03,5705
"238",1988-06-29,NA,5719
"239",1988-07-14,NA,5734
"240",1988-07-25,NA,5745
"241",1988-08-10,NA,5761
"242",1988-08-24,0.04,5775
"243",1988-09-08,0.02,5790
"244",1988-09-21,NA,5803
"245",1988-10-05,NA,5817
"246",1988-10-19,NA,5831
"247",1988-11-02,NA,5846
"248",1988-11-16,NA,5860
"249",1988-12-12,0.02,5886
"250",1989-01-11,NA,5916
"251",1989-02-08,NA,5944
"252",1989-03-15,NA,5979
"253",1989-04-05,0.04,5999
"254",1989-05-17,NA,6041
"255",1989-06-13,NA,6068
"256",1989-06-27,NA,6082
"257",1989-07-11,NA,6096
"258",1989-07-25,NA,6110
"259",1989-08-08,0.02,6124
"260",1989-08-22,NA,6138
"261",1989-09-06,NA,6153
"262",1989-09-20,NA,6167
"263",1989-10-05,NA,6182
"264",1989-10-18,NA,6195
"265",1989-11-01,NA,6210
"266",1989-11-15,NA,6224
"267",1989-12-13,0.02,6252
"268",1990-01-10,NA,6280
"269",1990-02-07,NA,6308
"270",1990-03-07,0.02,6336
"271",1990-04-05,NA,6364
"272",1990-04-18,NA,6377
"273",1990-05-02,NA,6391
"274",1990-05-16,NA,6405
"275",1990-05-31,NA,6420
"276",1990-06-12,NA,6432
"277",1990-06-26,NA,6446
"278",1990-07-10,NA,6460
"279",1990-07-24,NA,6474
"280",1990-08-07,0.03,6488
"281",1990-08-20,NA,6501
"282",1990-09-18,NA,6530
"283",1990-10-02,NA,6544
"284",1990-10-31,NA,6574
"285",1990-11-14,NA,6588
"286",1990-12-11,NA,6615
"287",1991-01-07,0.02,6642
"288",1991-02-07,NA,6673
"289",1991-03-06,NA,6700
"290",1991-03-22,0.09,6716
"291",1991-04-17,NA,6741
"292",1991-05-01,0.01,6755
"293",1991-05-13,NA,6767
"294",1991-05-29,NA,6783
"295",1991-06-12,NA,6797
"296",1991-07-10,NA,6825
"297",1991-07-24,NA,6839
"298",1991-08-06,NA,6852
"299",1991-08-20,NA,6866
"300",1991-09-03,NA,6880
"301",1991-09-16,NA,6893
"302",1991-10-14,NA,6921
"303",1991-10-28,NA,6936
"304",1991-12-12,NA,6981
"305",1992-01-22,NA,7022
"306",1992-02-04,NA,7035
"307",1992-03-09,NA,7069
"308",1992-04-08,NA,7098
"309",1992-05-05,NA,7125
"310",1992-05-19,NA,7139
"311",1992-06-02,NA,7153
"312",1992-06-16,NA,7167
"313",1992-07-01,NA,7182
"314",1992-07-22,NA,7203
"315",1992-08-03,NA,7215
"316",1992-08-18,NA,7230
"317",1992-08-26,NA,7238
"318",1992-09-08,NA,7251
"319",1992-10-12,0.01,7285
"320",1992-11-23,NA,7328
"321",1992-12-08,0.03,7343
"322",1993-01-06,NA,7372
"323",1993-02-22,NA,7419
"324",1993-03-09,NA,7434
"325",1993-04-20,NA,7475
"326",1993-05-11,NA,7496
"327",1993-05-25,NA,7510
"328",1993-06-09,NA,7525
"329",1993-06-15,NA,7531
"330",1993-07-07,NA,7553
"331",1993-07-20,NA,7566
"332",1993-08-02,0.01,7579
"333",1993-08-17,NA,7594
"334",1993-08-31,NA,7608
"335",1993-09-16,NA,7624
"336",1993-10-05,NA,7643
"337",1993-10-06,NA,7644
"338",1993-10-12,NA,7650
"339",1993-10-19,NA,7657
"340",1993-10-20,0.01,7658
"341",1993-10-26,0.00333333333333333,7664
"342",1993-11-04,0.0366666666666667,7674
"343",1993-11-09,0.0233333333333333,7679
"344",1993-11-10,0.0266666666666667,7680
"345",1993-11-11,0.03,7681
"346",1993-11-12,0.0266666666666667,7682
"347",1993-11-13,0.0233333333333333,7683
"348",1993-11-14,0.0166666666666667,7684
"349",1993-11-15,0.01,7685
"350",1993-11-16,0.00875,7686
"351",1993-11-17,0.01625,7687
"352",1993-11-18,0.025,7688
"353",1993-11-19,0.025,7689
"354",1993-11-20,0.025,7690
"355",1993-11-21,0.025,7691
"356",1993-11-22,0.025,7692
"357",1993-11-23,0.045,7693
"358",1993-11-24,0.04,7694
"359",1993-11-25,0.035,7695
"360",1993-11-26,0.05,7696
"361",1993-11-27,0.035,7697
"362",1993-11-28,0.045,7698
"363",1993-11-29,0,7699
"364",1993-11-30,0.015,7700
"365",1993-12-01,NA,7701
"366",1993-12-02,0.01,7702
"367",1993-12-03,0,7703
"368",1993-12-04,0.025,7704
"369",1993-12-05,0.02,7705
"370",1993-12-06,0.025,7706
"371",1993-12-07,NA,7707
"372",1993-12-08,0.0407142857142857,7708
"373",1993-12-14,0.02,7714
"374",1993-12-15,0.11,7715
"375",1993-12-16,0.02,7716
"376",1993-12-17,0.02,7717
"377",1993-12-18,0.155,7718
"378",1993-12-19,0,7719
"379",1993-12-20,0.05,7720
"380",1993-12-21,0.01,7721
"381",1993-12-22,0.205,7722
"382",1993-12-23,0.03,7723
"383",1993-12-24,0.145,7724
"384",1993-12-25,0.095,7725
"385",1993-12-26,0.015,7726
"386",1993-12-27,0.0233333333333333,7727
"387",1993-12-28,0,7728
"388",1993-12-29,0.01,7729
"389",1993-12-30,0.005,7730
"390",1994-01-06,NA,7737
"391",1994-01-07,0.041,7738
"392",1994-01-13,NA,7744
"393",1994-01-24,0.012,7755
"394",1994-01-25,NA,7756
"395",1994-01-26,NA,7757
"396",1994-01-27,NA,7758
"397",1994-01-28,0,7759
"398",1994-01-29,0,7760
"399",1994-01-30,NA,7761
"400",1994-01-31,0,7762
"401",1994-02-01,NA,7763
"402",1994-02-02,NA,7764
"403",1994-02-03,NA,7765
"404",1994-02-04,NA,7766
"405",1994-02-05,NA,7767
"406",1994-02-06,NA,7768
"407",1994-02-07,NA,7769
"408",1994-02-08,NA,7770
"409",1994-02-09,NA,7771
"410",1994-02-10,NA,7772
"411",1994-02-11,NA,7773
"412",1994-02-12,NA,7774
"413",1994-02-13,NA,7775
"414",1994-02-14,NA,7776
"415",1994-02-15,0.005,7777
"416",1994-02-16,NA,7778
"417",1994-02-17,NA,7779
"418",1994-02-18,0,7780
"419",1994-02-19,NA,7781
"420",1994-02-20,NA,7782
"421",1994-02-21,NA,7783
"422",1994-02-22,NA,7784
"423",1994-02-23,0.0342857142857143,7785
"424",1994-02-24,0.0263157894736842,7786
"425",1994-02-25,0.00333333333333333,7787
"426",1994-02-26,0.0766666666666667,7788
"427",1994-02-27,0.00333333333333333,7789
"428",1994-02-28,NA,7790
"429",1994-03-01,0.01,7791
"430",1994-03-02,0.00666666666666667,7792
"431",1994-03-03,0.0125,7793
"432",1994-03-04,0.01325,7794
"433",1994-03-05,0.00333333333333333,7795
"434",1994-03-06,0.00666666666666667,7796
"435",1994-03-07,NA,7797
"436",1994-03-08,1.73641754187132e-19,7798
"437",1994-03-09,0.0173333333333333,7799
"438",1994-03-10,0.0133333333333333,7800
"439",1994-03-11,0.02,7801
"440",1994-03-12,0.0166666666666667,7802
"441",1994-03-13,0.01,7803
"442",1994-03-14,0.00666666666666667,7804
"443",1994-03-15,0,7805
"444",1994-03-16,NA,7806
"445",1994-03-17,0.00166666666666667,7807
"446",1994-03-18,0.0333333333333333,7808
"447",1994-03-19,NA,7809
"448",1994-03-20,NA,7810
"449",1994-03-21,NA,7811
"450",1994-03-22,0.00585714285714286,7812
"451",1994-03-23,0.0263333333333333,7813
"452",1994-03-24,0.0193333333333333,7814
"453",1994-03-25,0.0173333333333333,7815
"454",1994-03-26,0.0113333333333333,7816
"455",1994-03-27,0.0176666666666667,7817
"456",1994-03-28,0.019,7818
"457",1994-03-29,0.0233333333333333,7819
"458",1994-03-30,0.0266666666666667,7820
"459",1994-03-31,0.0233333333333333,7821
"460",1994-04-01,0.0163333333333333,7822
"461",1994-04-02,0.0166666666666667,7823
"462",1994-04-03,0.0115,7824
"463",1994-04-04,0.015,7824
"464",1994-04-05,0.00742857142857143,7825
"465",1994-04-06,0.0206666666666667,7826
"466",1994-04-07,0.0156666666666667,7827
"467",1994-04-08,0.009,7828
"468",1994-04-09,0.0446666666666667,7829
"469",1994-04-10,0.017,7830
"470",1994-04-11,NA,7831
"471",1994-04-12,0.00733333333333333,7832
"472",1994-04-13,NA,7833
"473",1994-04-14,NA,7834
"474",1994-04-15,NA,7835
"475",1994-04-16,NA,7836
"476",1994-04-17,NA,7837
"477",1994-04-18,NA,7838
"478",1994-04-19,0.007,7839
"479",1994-04-20,0.0213333333333333,7840
"480",1994-04-21,0.0213333333333333,7841
"481",1994-04-22,0.026,7842
"482",1994-04-23,0.023,7843
"483",1994-04-24,0.019,7844
"484",1994-04-25,0.0383333333333333,7845
"485",1994-04-26,0.0025,7846
"486",1994-04-27,0.02,7847
"487",1994-04-28,0.022,7848
"488",1994-04-29,0.018,7849
"489",1994-04-30,0.011,7850
"490",1994-05-01,5e-04,7851
"491",1994-05-02,NA,7852
"492",1994-05-03,0.000166666666666666,7853
"493",1994-05-04,0.0213333333333333,7854
"494",1994-05-05,0.0196666666666667,7855
"495",1994-05-06,0.00966666666666667,7856
"496",1994-05-07,0.018,7857
"497",1994-05-08,0.026,7858
"498",1994-05-09,0.0183333333333333,7859
"499",1994-05-10,0.009,7860
"500",1994-05-11,NA,7861
"501",1994-05-12,0.0276666666666667,7862
"502",1994-05-13,0.0283333333333333,7863
"503",1994-05-14,0.0196666666666667,7864
"504",1994-05-15,0.0185,7865
"505",1994-05-16,0.017,7866
"506",1994-05-17,0.008875,7867
"507",1994-05-18,0.021,7868
"508",1994-05-19,0.0176666666666667,7869
"509",1994-05-20,0.0296666666666667,7870
"510",1994-05-21,NA,7871
"511",1994-05-22,NA,7872
"512",1994-05-23,NA,7873
"513",1994-05-24,0.0085,7874
"514",1994-05-25,NA,7875
"515",1994-05-26,0.005,7876
"516",1994-05-27,0.001,7877
"517",1994-05-28,NA,7878
"518",1994-05-29,NA,7879
"519",1994-05-30,NA,7880
"520",1994-05-31,0.0085,7881
"521",1994-06-01,NA,7882
"522",1994-06-02,0.037,7883
"523",1994-06-03,0.018,7884
"524",1994-06-04,0.0223333333333333,7885
"525",1994-06-05,0.0136666666666667,7886
"526",1994-06-06,0.001,7887
"527",1994-06-07,0.0345,7888
"528",1994-06-08,0.067,7889
"529",1994-06-09,0.0475,7890
"530",1994-06-10,0.041,7891
"531",1994-06-11,0.039,7892
"532",1994-06-12,0.0375,7893
"533",1994-06-13,0.0216666666666667,7894
"534",1994-06-14,0.0263333333333333,7895
"535",1994-06-15,0.0503333333333333,7896
"536",1994-06-16,0.0316666666666667,7897
"537",1994-06-17,0.0386666666666667,7898
"538",1994-06-18,0.032,7899
"539",1994-06-19,0.0276666666666667,7900
"540",1994-06-20,0.026,7901
"541",1994-06-21,0.0186666666666667,7902
"542",1994-06-22,0.0413333333333333,7903
"543",1994-06-23,0.0373333333333333,7904
"544",1994-06-24,0.042,7905
"545",1994-06-25,0.0583333333333333,7906
"546",1994-06-26,0.0383333333333333,7907
"547",1994-06-27,0.01825,7908
"548",1994-06-28,0.123285714285714,7909
"549",1994-06-29,0.107333333333333,7910
"550",1994-06-30,0.0716666666666667,7911
"551",1994-07-01,0.0396666666666667,7912
"552",1994-07-02,0.0473333333333333,7913
"553",1994-07-03,0.0403333333333333,7914
"554",1994-07-04,0.0323333333333333,7915
"555",1994-07-05,0.0153333333333333,7916
"556",1994-07-06,0.027,7917
"557",1994-07-07,0.0465,7918
"558",1994-07-08,0.0583333333333333,7919
"559",1994-07-09,0.0736666666666667,7920
"560",1994-07-10,0.0293333333333333,7921
"561",1994-07-11,0.031,7922
"562",1994-07-12,0.0316666666666667,7923
"563",1994-07-13,0.0293333333333333,7924
"564",1994-07-14,0.043,7925
"565",1994-07-15,0.0283333333333333,7926
"566",1994-07-16,0.0326666666666667,7927
"567",1994-07-17,0.019,7928
"568",1994-07-18,0.0166666666666667,7929
"569",1994-07-19,0.0088,7930
"570",1994-07-20,0.0163333333333333,7931
"571",1994-07-21,0.026,7932
"572",1994-07-22,0.054,7933
"573",1994-07-23,0.023,7934
"574",1994-07-24,0.0215,7935
"575",1994-07-25,0.0235,7936
"576",1994-07-26,NA,7937
"577",1994-07-27,NA,7938
"578",1994-07-28,NA,7939
"579",1994-07-29,NA,7940
"580",1994-07-30,NA,7941
"581",1994-07-31,NA,7942
"582",1994-08-01,NA,7943
"583",1994-08-02,NA,7944
"584",1994-08-03,NA,7945
"585",1994-08-04,0.0153333333333333,7946
"586",1994-08-05,0.0226666666666667,7947
"587",1994-08-06,0.01,7948
"588",1994-08-07,0.01,7949
"589",1994-08-08,0.00725,7950
"590",1994-08-09,0.0154285714285714,7951
"591",1994-08-10,0.036,7952
"592",1994-08-11,0.0266666666666667,7953
"593",1994-08-12,0.0276666666666667,7954
"594",1994-08-13,0.027,7955
"595",1994-08-14,0.026,7956
"596",1994-08-15,0.019,7957
"597",1994-08-16,0.00714285714285714,7958
"598",1994-08-17,0.031,7959
"599",1994-08-18,0.019,7960
"600",1994-08-19,0.0243333333333333,7961
"601",1994-08-20,0.031,7962
"602",1994-08-21,0.029,7963
"603",1994-08-22,0.0236666666666667,7964
"604",1994-08-23,0.0025,7965
"605",1994-08-24,0.051,7966
"606",1994-08-25,0.024,7967
"607",1994-08-26,0.0123333333333333,7968
"608",1994-08-27,0,7969
"609",1994-08-28,0.0223333333333333,7970
"610",1994-08-29,0.0223333333333333,7971
"611",1994-08-30,NA,7972
"612",1994-08-31,0.0325,7973
"613",1994-09-01,0.0545,7974
"614",1994-09-02,0.019,7975
"615",1994-09-03,0.042,7976
"616",1994-09-04,0.019,7977
"617",1994-09-05,0.0155,7978
"618",1994-09-06,0.4518,7979
"619",1994-09-07,0.052,7980
"620",1994-09-08,0.0515,7981
"621",1994-09-09,0.0585,7982
"622",1994-09-10,0.0435,7983
"623",1994-09-11,0.0535,7984
"624",1994-09-12,0.0415,7985
"625",1994-09-13,0.0405,7986
"626",1994-09-14,0.015,7987
"627",1994-09-15,0.023,7988
"628",1994-09-16,0.0325,7989
"629",1994-09-17,0.028,7990
"630",1994-09-18,0.0255,7991
"631",1994-09-19,0.0305,7992
"632",1994-09-20,0.0185,7993
"633",1994-09-21,0.0266,7994
"634",1994-09-22,0.211666666666667,7995
"635",1994-09-23,0.071,7996
"636",1994-09-24,0.0456666666666667,7997
"637",1994-09-25,0.0406666666666667,7998
"638",1994-09-26,0.0363333333333333,7999
"639",1994-09-27,0.0383333333333333,8000
"640",1994-09-28,0.0403333333333333,8001
"641",1994-09-29,0.0353333333333333,8002
"642",1994-09-30,0.01375,8003
"643",1994-10-01,0.0383333333333333,8004
"644",1994-10-02,0.0346666666666667,8005
"645",1994-10-03,0.033,8006
"646",1994-10-13,0.011,8016
"647",1994-10-27,NA,8030
"648",1994-12-13,NA,8078
"649",1995-01-18,NA,8114
"650",1995-02-15,NA,8142
"651",1995-03-14,NA,8169
"652",1995-04-19,NA,8204
"653",1995-05-02,NA,8217
"654",1995-05-16,NA,8231
"655",1995-06-01,NA,8247
"656",1995-06-14,0.014,8260
"657",1995-06-28,NA,8274
"658",1995-07-13,0.028,8289
"659",1995-08-10,NA,8317
"660",1995-09-06,NA,8344
"661",1995-09-19,NA,8357
"662",1995-10-26,NA,8394
"663",1995-11-27,NA,8427
"664",1995-12-26,NA,8456
"665",1996-01-17,NA,8478
"666",1996-02-14,0.086,8506
"667",1996-03-25,0.028,8546
"668",1996-04-15,NA,8566
"669",1996-04-29,0.023,8580
"670",1996-05-14,NA,8595
"671",1996-05-28,0.032,8609
"672",1996-06-10,NA,8622
"673",1996-06-25,NA,8637
"674",1996-07-23,NA,8665
"675",1996-08-07,NA,8680
"676",1996-08-19,NA,8692
"677",1996-09-05,NA,8709
"678",1996-09-16,NA,8720
"679",1996-10-15,NA,8749
"680",1996-11-13,NA,8779
"681",1996-12-11,NA,8807
"682",1997-01-07,0.045,8834
"683",1997-02-04,0.009,8862
"684",1997-03-04,0.016,8890
"685",1997-04-07,0.022,8923
"686",1997-05-08,0.033,8954
"687",1997-05-21,NA,8967
"688",1997-06-03,0.041,8980
"689",1997-06-16,0.021,8993
"690",1997-07-14,0.014,9021
"691",1997-08-14,0.024,9052
"692",1997-08-26,NA,9064
"693",1997-09-08,0.011,9077
"694",1997-09-22,NA,9091
"695",1997-10-21,0.016,9120
"696",1997-11-18,NA,9149
"697",1998-01-13,NA,9205
"698",1998-02-09,NA,9232
"699",1998-03-17,NA,9268
"700",1998-03-30,NA,9281
"701",1998-04-13,0.015,9294
"702",1998-04-27,NA,9308
"703",1998-05-12,NA,9323
"704",1998-05-26,NA,9337
"705",1998-06-08,NA,9350
"706",1998-06-22,NA,9364
"707",1998-07-06,NA,9378
"708",1998-08-04,NA,9407
"709",1998-08-17,NA,9420
"710",1998-09-02,NA,9436
"711",1998-09-14,NA,9448
"712",1998-09-28,NA,9462
"713",1998-10-26,NA,9491
"714",1998-11-23,0.012,9519
"715",1998-12-22,NA,9548
"716",1999-01-19,0.022,9576
"717",1999-02-16,NA,9604
"718",1999-03-17,0.011,9633
"719",1999-04-12,0.011,9658
"720",1999-04-26,0.01,9672
"721",1999-05-10,NA,9686
"722",1999-05-24,0.009,9700
"723",1999-06-14,0.011,9721
"724",1999-06-21,0.023,9728
"725",1999-07-07,NA,9744
"726",1999-07-20,0.016,9757
"727",1999-08-02,NA,9770
"728",1999-08-30,NA,9798
"729",1999-10-12,NA,9841
"730",1999-11-09,0.01,9870
"731",1999-12-07,NA,9898
"732",2000-01-13,NA,9935
"733",2000-02-15,NA,9968
"734",2000-03-14,NA,9996
"735",2000-04-11,NA,10023
"736",2000-05-09,NA,10051
"737",2000-05-22,NA,10064
"738",2000-06-05,0.009,10078
"739",2000-06-19,NA,10092
"740",2000-08-14,NA,10148
"741",2000-08-28,NA,10162
"742",2000-09-11,NA,10176
"743",2000-09-25,NA,10190
"744",2000-10-11,0.01,10206
"745",2000-11-06,NA,10233
"746",2000-12-04,NA,10261
"747",2001-01-03,0.017,10291
"748",2001-01-29,0.012,10317
"749",2001-02-28,NA,10347
"750",2001-04-04,NA,10381
"751",2001-05-30,NA,10437
"752",2001-06-14,0.013,10452
"753",2001-06-25,NA,10463
"754",2001-07-10,0.018,10478
"755",2001-08-09,NA,10508
"756",2001-08-20,0.01,10519
"757",2001-09-04,NA,10534
"758",2001-10-16,0.01,10576
"759",2001-11-28,NA,10620
"760",2001-12-11,NA,10633
"761",2002-01-16,0.009,10669
"762",2002-02-12,NA,10696
"763",2002-03-13,NA,10725
"764",2002-04-11,0.025,10753
"765",2002-04-23,0.01,10765
"766",2002-05-07,NA,10779
"767",2002-05-21,NA,10793
"768",2002-06-03,NA,10806
"769",2002-06-18,NA,10821
"770",2002-07-16,NA,10849
"771",2002-07-30,NA,10863
"772",2002-08-13,NA,10877
"773",2002-08-27,NA,10891
"774",2002-09-10,NA,10905
"775",2002-09-26,NA,10921
"776",2002-10-22,NA,10947
"777",2002-11-20,0.01,10977
"778",2002-12-17,NA,11004
"779",2003-01-22,NA,11040
"780",2003-02-19,0.01,11068
"781",2003-03-12,NA,11089
"782",2003-04-01,NA,11109
"783",2003-04-16,NA,11123
"784",2003-05-06,NA,11143
"785",2003-06-10,NA,11178
"786",2003-07-15,NA,11213
"787",2003-08-28,NA,11257
"788",2003-09-08,NA,11268
"789",2003-10-13,NA,11303
"790",2003-11-12,NA,11334
"791",2003-12-10,0.01,11362
"792",2004-01-22,0.009,11405
"793",2004-02-03,NA,11417
"794",2004-03-16,NA,11459
"795",2004-04-19,NA,11492
"796",2004-05-17,NA,11520
"797",2004-06-08,0.0025,11542
"798",2004-07-07,NA,11571
"799",2004-08-09,NA,11604
"800",2004-10-12,0.014,11668
"801",2004-11-17,0.01,11705
"802",2004-12-29,0.012,11747
"803",2005-01-11,0.01,11760
"804",2005-02-08,NA,11788
"805",2005-03-09,NA,11817
"806",2005-04-12,NA,11850
"807",2005-05-10,NA,11878
"808",2005-06-23,NA,11922
"809",2005-07-19,NA,11948
"810",2005-08-15,0.055,11975
"811",2005-09-12,0.018,12003
"812",2005-10-11,NA,12032
"813",2005-11-02,0.019,12055
"814",2005-11-28,NA,12081
"815",2005-12-20,NA,12103
"816",2006-01-17,0.017,12131
"817",2006-02-13,0.009,12158
"818",2006-03-14,NA,12187
"819",2006-04-25,NA,12228
"820",2006-05-15,0.015,12248
"821",2006-06-15,0.009,12279
"822",2006-07-11,NA,12305
"823",2006-08-15,NA,12340
"824",2006-09-26,0.011,12382
"825",2006-10-17,NA,12403
"826",2006-11-08,NA,12426
"827",2006-12-11,NA,12459
"828",2007-01-17,NA,12496
"829",2007-02-12,0.005,12522
"830",2007-03-19,0.006,12556
"831",2007-04-18,NA,12586
"832",2007-06-07,0.009,12636
"833",2007-07-05,0.012,12664
"834",2007-08-13,0.006,12703
"835",2007-09-26,0.015,12747
"836",2007-10-15,0.013,12766
"837",2007-11-05,0.013,12788
"838",2007-12-11,0.016,12824
"839",2008-01-14,0.043,12858
"840",2008-02-14,0.0058,12889
"841",2008-03-11,0.013,12914
"842",2008-04-14,0.008,12948
"843",2008-05-21,0.009,12985
"844",2008-06-09,0.009,13004
"845",2008-07-21,0.013,13046
"846",2008-08-11,0.01,13067
"847",2008-09-22,0.009,13109
"848",2008-10-21,0.006,13138
"849",2008-11-17,0.01,13166
"850",2008-12-15,0.01,13194
"851",2009-01-12,0.01,13222
"852",2009-02-09,0.005,13250
"853",2009-03-09,0.009,13277
"854",2009-04-29,0.012,13328
"855",2009-05-12,0.028,13341
"856",2009-06-10,0.0015,13370
"857",2009-07-06,0.008,13396
"858",2009-08-17,0.008,13438
"859",2009-09-14,0.01,13466
"860",2009-10-12,0.012,13494
"861",2009-11-16,0.006,13530
"862",2009-12-14,0.013,13558
"863",2010-01-13,0.027,13588
"864",2010-03-01,0.008,13635
"865",2010-04-22,0.019,13686
"866",2010-05-18,0.012,13712
"867",2010-06-14,0.009,13739
"868",2010-07-12,0.015,13767
"869",2010-08-23,0.023,13809
"870",2010-09-21,0.01,13838
"871",2010-10-21,0.01,13868
"872",2010-11-02,NA,13880
"873",2010-12-20,0.008,13929
"874",2011-01-03,0.016,13943
"875",2011-02-14,NA,13985
"876",2011-03-21,0.005,14019
"877",2011-04-19,0.009,14048
"878",2011-05-23,0.012,14082
"879",2011-06-07,0.013,14097
"880",2011-07-12,0.008,14132
"881",2011-08-02,NA,14153
"882",2011-09-19,NA,14201
"883",2011-10-10,0.005,14222
"884",2011-11-15,0.011,14259
"885",2011-12-05,NA,14279
"886",2012-01-23,0.007,14328
"887",2012-02-07,0.006,14343
"888",2012-03-19,0.011,14383
"889",2012-04-02,NA,14397
"890",2012-05-21,0.008,14446
"891",2012-06-11,0.01,14467
"892",2012-07-16,0.014,14502
"893",2012-08-13,0.011,14530
"894",2012-09-18,0.008,14566
"895",2012-10-08,0.009,14586
"896",2012-11-26,0.013,14636
"897",2012-12-10,0.01,14650
"898",2013-01-07,0.006,14678
"899",2013-02-12,0.008,14714
"900",2013-03-28,0.007,14757
"901",2013-04-09,NA,14769
"902",2013-05-15,0.014,14805
"903",2013-06-04,NA,14825
"904",2013-07-16,0.016,14867
"905",2013-08-05,0.012,14887
"906",2013-09-16,0.009,14929
"907",2013-10-02,0.017,14945
"908",2013-11-18,0.007,14993
"909",2013-12-03,0.009,15008
"910",2014-01-15,0.01,15051
"911",2014-02-04,0.01,15071
"912",2014-03-12,0.011,15106
"913",2014-04-21,0.013,15146
"914",2014-05-13,0.016,15168
"915",2014-06-03,0.01,15189
"916",2014-07-16,0.014,15232
"917",2014-08-06,0.015,15253
"918",2014-09-03,0.014,15281
"919",2014-10-08,0.011,15316
"920",2014-11-05,0.009,15345
"921",2014-12-03,0.017,15373
"922",2015-01-07,0.011,15408
"923",2015-02-04,0.01,15436
"924",2015-03-04,0.009,15464
"925",2015-04-08,0.009,15498
"926",2015-05-13,0.017,15533
"927",2015-06-02,0.011,15553
"928",2015-07-08,0.022,15589
"929",2015-08-04,0.02,15616
"930",2015-09-02,0.012,15645
"931",2015-10-07,0.006,15680
"932",2015-11-03,0.013,15708
"933",2015-12-02,0.017,15737
"934",2016-01-12,0.013,15778
"935",2016-02-03,0.009,15800
"936",2016-03-02,0.011,15828
"937",2016-04-06,0.007,15862
"938",2016-05-09,0.024,15895
"939",2016-06-15,0.013,15932
"940",2016-07-12,0.014,15959
"941",2016-08-03,0.01,15981
"942",2016-09-07,0.032,16016
"943",2016-10-19,0.014,16058
"944",2016-11-02,0.011,16072
"945",2016-12-06,0.008,16107
"946",2017-01-10,0.011,16142
"947",2017-02-08,0.006,16171
"948",2017-03-21,0.027,16211
"949",2017-04-18,0.012,16239
"950",2017-05-23,0.009,16274
"951",2017-06-20,0.007,16302
"952",2017-07-11,0.015,16323
"953",2017-08-16,0.018,16359
"954",2017-09-19,0.007,16393
"955",2017-10-09,0.011,16413
"956",2017-11-08,0.013,16444
"957",2017-12-06,0.019,16472
"958",2018-01-18,0.012,16515
"959",2018-02-07,0.006,16535
"960",2018-03-07,0.011,16563
"961",2018-04-04,0.007,16590
"962",2018-05-02,0.008,16618
"963",2018-06-06,0.013,16653
"964",2018-07-18,0.016,16695
"965",2018-08-15,0.012,16723
"966",2018-09-05,0.01,16744
"967",2018-10-17,0.011,16786
"968",2018-11-07,0.012,16808
"969",2018-12-11,0.012,16842
"970",2019-01-09,NA,16871
"971",2019-02-14,0.011,16907
"972",2019-04-03,0.011,16954
"973",2019-05-07,NA,16988
"974",2019-06-04,0.014,17016
"975",2019-07-10,0.012,17052
"976",2019-08-07,0.012,17080
"977",2019-09-10,0.017,17114
"978",2019-10-02,0.027,17136
"979",2019-11-06,0.014,17172
"980",2019-12-04,0.016,17200
"981",2020-01-15,0.012,17242
"982",2020-02-05,0.012,17263
"983",2020-03-11,0.009,17297
"984",2020-04-08,0.006,17325
"985",2020-05-06,0.01,17353
"986",2020-05-21,0.008,17368
"987",2020-06-03,0.013,17381
"988",2020-06-24,0.01,17402
"989",2020-07-08,0.029,17416
"990",2020-07-22,0.009,17430
"991",2020-08-05,0.007,17444
"992",2020-08-26,0.012,17465
"993",2020-09-09,0.007,17479
"994",2020-09-24,0.006,17494
"995",2020-10-07,0.01,17507
"996",2020-10-22,0.014,17522
"997",2020-11-18,0.007,17550
"998",2020-12-16,0.009,17578
"999",2021-01-06,0.012,17599
"1000",2021-02-10,0.007,17634
"1001",2021-03-11,0.013,17663
"1002",2021-04-07,0.016,17689
"1003",2021-05-05,0.01,17717
"1004",2021-05-19,0.011,17731
"1005",2021-06-09,0.012,17752
"1006",2021-06-23,0.009,17766
"1007",2021-07-07,0.01,17780
"1008",2021-07-21,0.015,17794
"1009",2021-08-04,0.024,17808
"1010",2021-08-25,0.014,17829
"1011",2021-09-09,0.02,17844
"1012",2021-09-22,0.011,17857
"1013",2021-10-06,0.012,17871
"1014",2021-10-20,0.014,17885
"1015",2021-11-03,0.005,17899
"1016",2021-12-08,0.012,17935
"1017",2022-01-05,0.014,17963
"1018",2022-02-09,0.012,17998
"1019",2022-03-09,0.009,18026
"1020",2022-04-06,0.006,18053
"1021",2022-05-04,0.007,18081
"1022",2022-05-17,0.005,18094
"1023",2022-06-08,0.008,18116
"1024",2022-06-22,NA,18130
"1025",2022-07-07,0.011,18145
"1026",2022-07-20,NA,18158
"1027",2022-08-17,0.008,18186
"1028",2022-09-07,0.006,18207
"1029",2022-09-21,0.015,18221
"1030",2022-10-05,0.005,18235
"1031",2022-10-19,0.014,18249
"1032",2022-11-16,0.013,18278
"1033",2022-12-07,0.008,18299
"1034",2023-01-11,0.013,18334
"1035",2023-02-08,0.008,18362
"1036",2023-03-08,0.007,18390
"1037",2023-04-05,0.008,18417
"1038",2023-05-03,0.008,18445
